"top-left-square"	"top-middle-square"	"top-right-square"	"middle-left-square"	"middle-middle-square"	"middle-right-square"	"bottom-left-square"	"bottom-middle-square"	"bottom-right-square"	Class
"s"x""	"s"x""	"s"x""	"s"x""	"s"o""	"s"o""	"s"x""	"s"o""	"s"o""	true
"s"x""	"s"x""	"s"x""	"s"x""	"s"o""	"s"o""	"s"o""	"s"x""	"s"o""	true
"s"x""	"s"x""	"s"x""	"s"x""	"s"o""	"s"o""	"s"o""	"s"o""	"s"x""	true
"s"x""	"s"x""	"s"x""	"s"x""	"s"o""	"s"o""	"s"o""	"s"b""	"s"b""	true
"s"x""	"s"x""	"s"x""	"s"x""	"s"o""	"s"o""	"s"b""	"s"o""	"s"b""	true
"s"x""	"s"x""	"s"x""	"s"x""	"s"o""	"s"o""	"s"b""	"s"b""	"s"o""	true
"s"x""	"s"x""	"s"x""	"s"x""	"s"o""	"s"b""	"s"o""	"s"o""	"s"b""	true
"s"x""	"s"x""	"s"x""	"s"x""	"s"o""	"s"b""	"s"o""	"s"b""	"s"o""	true
"s"x""	"s"x""	"s"x""	"s"x""	"s"o""	"s"b""	"s"b""	"s"o""	"s"o""	true
"s"x""	"s"x""	"s"x""	"s"x""	"s"b""	"s"o""	"s"o""	"s"o""	"s"b""	true
"s"x""	"s"x""	"s"x""	"s"x""	"s"b""	"s"o""	"s"o""	"s"b""	"s"o""	true
"s"x""	"s"x""	"s"x""	"s"x""	"s"b""	"s"o""	"s"b""	"s"o""	"s"o""	true
"s"x""	"s"x""	"s"x""	"s"o""	"s"x""	"s"o""	"s"x""	"s"o""	"s"o""	true
"s"x""	"s"x""	"s"x""	"s"o""	"s"x""	"s"o""	"s"o""	"s"x""	"s"o""	true
"s"x""	"s"x""	"s"x""	"s"o""	"s"x""	"s"o""	"s"o""	"s"o""	"s"x""	true
"s"x""	"s"x""	"s"x""	"s"o""	"s"x""	"s"o""	"s"o""	"s"b""	"s"b""	true
"s"x""	"s"x""	"s"x""	"s"o""	"s"x""	"s"o""	"s"b""	"s"o""	"s"b""	true
"s"x""	"s"x""	"s"x""	"s"o""	"s"x""	"s"o""	"s"b""	"s"b""	"s"o""	true
"s"x""	"s"x""	"s"x""	"s"o""	"s"x""	"s"b""	"s"o""	"s"o""	"s"b""	true
"s"x""	"s"x""	"s"x""	"s"o""	"s"x""	"s"b""	"s"o""	"s"b""	"s"o""	true
"s"x""	"s"x""	"s"x""	"s"o""	"s"x""	"s"b""	"s"b""	"s"o""	"s"o""	true
"s"x""	"s"x""	"s"x""	"s"o""	"s"o""	"s"x""	"s"x""	"s"o""	"s"o""	true
"s"x""	"s"x""	"s"x""	"s"o""	"s"o""	"s"x""	"s"o""	"s"x""	"s"o""	true
"s"x""	"s"x""	"s"x""	"s"o""	"s"o""	"s"x""	"s"o""	"s"o""	"s"x""	true
"s"x""	"s"x""	"s"x""	"s"o""	"s"o""	"s"x""	"s"o""	"s"b""	"s"b""	true
"s"x""	"s"x""	"s"x""	"s"o""	"s"o""	"s"x""	"s"b""	"s"o""	"s"b""	true
"s"x""	"s"x""	"s"x""	"s"o""	"s"o""	"s"x""	"s"b""	"s"b""	"s"o""	true
"s"x""	"s"x""	"s"x""	"s"o""	"s"o""	"s"b""	"s"x""	"s"o""	"s"b""	true
"s"x""	"s"x""	"s"x""	"s"o""	"s"o""	"s"b""	"s"x""	"s"b""	"s"o""	true
"s"x""	"s"x""	"s"x""	"s"o""	"s"o""	"s"b""	"s"o""	"s"x""	"s"b""	true
"s"x""	"s"x""	"s"x""	"s"o""	"s"o""	"s"b""	"s"o""	"s"b""	"s"x""	true
"s"x""	"s"x""	"s"x""	"s"o""	"s"o""	"s"b""	"s"b""	"s"x""	"s"o""	true
"s"x""	"s"x""	"s"x""	"s"o""	"s"o""	"s"b""	"s"b""	"s"o""	"s"x""	true
"s"x""	"s"x""	"s"x""	"s"o""	"s"o""	"s"b""	"s"b""	"s"b""	"s"b""	true
"s"x""	"s"x""	"s"x""	"s"o""	"s"b""	"s"x""	"s"o""	"s"o""	"s"b""	true
"s"x""	"s"x""	"s"x""	"s"o""	"s"b""	"s"x""	"s"o""	"s"b""	"s"o""	true
"s"x""	"s"x""	"s"x""	"s"o""	"s"b""	"s"x""	"s"b""	"s"o""	"s"o""	true
"s"x""	"s"x""	"s"x""	"s"o""	"s"b""	"s"o""	"s"x""	"s"o""	"s"b""	true
"s"x""	"s"x""	"s"x""	"s"o""	"s"b""	"s"o""	"s"x""	"s"b""	"s"o""	true
"s"x""	"s"x""	"s"x""	"s"o""	"s"b""	"s"o""	"s"o""	"s"x""	"s"b""	true
"s"x""	"s"x""	"s"x""	"s"o""	"s"b""	"s"o""	"s"o""	"s"b""	"s"x""	true
"s"x""	"s"x""	"s"x""	"s"o""	"s"b""	"s"o""	"s"b""	"s"x""	"s"o""	true
"s"x""	"s"x""	"s"x""	"s"o""	"s"b""	"s"o""	"s"b""	"s"o""	"s"x""	true
"s"x""	"s"x""	"s"x""	"s"o""	"s"b""	"s"o""	"s"b""	"s"b""	"s"b""	true
"s"x""	"s"x""	"s"x""	"s"o""	"s"b""	"s"b""	"s"x""	"s"o""	"s"o""	true
"s"x""	"s"x""	"s"x""	"s"o""	"s"b""	"s"b""	"s"o""	"s"x""	"s"o""	true
"s"x""	"s"x""	"s"x""	"s"o""	"s"b""	"s"b""	"s"o""	"s"o""	"s"x""	true
"s"x""	"s"x""	"s"x""	"s"o""	"s"b""	"s"b""	"s"o""	"s"b""	"s"b""	true
"s"x""	"s"x""	"s"x""	"s"o""	"s"b""	"s"b""	"s"b""	"s"o""	"s"b""	true
"s"x""	"s"x""	"s"x""	"s"o""	"s"b""	"s"b""	"s"b""	"s"b""	"s"o""	true
"s"x""	"s"x""	"s"x""	"s"b""	"s"x""	"s"o""	"s"o""	"s"o""	"s"b""	true
"s"x""	"s"x""	"s"x""	"s"b""	"s"x""	"s"o""	"s"o""	"s"b""	"s"o""	true
"s"x""	"s"x""	"s"x""	"s"b""	"s"x""	"s"o""	"s"b""	"s"o""	"s"o""	true
"s"x""	"s"x""	"s"x""	"s"b""	"s"o""	"s"x""	"s"o""	"s"o""	"s"b""	true
"s"x""	"s"x""	"s"x""	"s"b""	"s"o""	"s"x""	"s"o""	"s"b""	"s"o""	true
"s"x""	"s"x""	"s"x""	"s"b""	"s"o""	"s"x""	"s"b""	"s"o""	"s"o""	true
"s"x""	"s"x""	"s"x""	"s"b""	"s"o""	"s"o""	"s"x""	"s"o""	"s"b""	true
"s"x""	"s"x""	"s"x""	"s"b""	"s"o""	"s"o""	"s"x""	"s"b""	"s"o""	true
"s"x""	"s"x""	"s"x""	"s"b""	"s"o""	"s"o""	"s"o""	"s"x""	"s"b""	true
"s"x""	"s"x""	"s"x""	"s"b""	"s"o""	"s"o""	"s"o""	"s"b""	"s"x""	true
"s"x""	"s"x""	"s"x""	"s"b""	"s"o""	"s"o""	"s"b""	"s"x""	"s"o""	true
"s"x""	"s"x""	"s"x""	"s"b""	"s"o""	"s"o""	"s"b""	"s"o""	"s"x""	true
"s"x""	"s"x""	"s"x""	"s"b""	"s"o""	"s"o""	"s"b""	"s"b""	"s"b""	true
"s"x""	"s"x""	"s"x""	"s"b""	"s"o""	"s"b""	"s"x""	"s"o""	"s"o""	true
"s"x""	"s"x""	"s"x""	"s"b""	"s"o""	"s"b""	"s"o""	"s"x""	"s"o""	true
"s"x""	"s"x""	"s"x""	"s"b""	"s"o""	"s"b""	"s"o""	"s"o""	"s"x""	true
"s"x""	"s"x""	"s"x""	"s"b""	"s"o""	"s"b""	"s"o""	"s"b""	"s"b""	true
"s"x""	"s"x""	"s"x""	"s"b""	"s"o""	"s"b""	"s"b""	"s"o""	"s"b""	true
"s"x""	"s"x""	"s"x""	"s"b""	"s"o""	"s"b""	"s"b""	"s"b""	"s"o""	true
"s"x""	"s"x""	"s"x""	"s"b""	"s"b""	"s"o""	"s"x""	"s"o""	"s"o""	true
"s"x""	"s"x""	"s"x""	"s"b""	"s"b""	"s"o""	"s"o""	"s"x""	"s"o""	true
"s"x""	"s"x""	"s"x""	"s"b""	"s"b""	"s"o""	"s"o""	"s"o""	"s"x""	true
"s"x""	"s"x""	"s"x""	"s"b""	"s"b""	"s"o""	"s"o""	"s"b""	"s"b""	true
"s"x""	"s"x""	"s"x""	"s"b""	"s"b""	"s"o""	"s"b""	"s"o""	"s"b""	true
"s"x""	"s"x""	"s"x""	"s"b""	"s"b""	"s"o""	"s"b""	"s"b""	"s"o""	true
"s"x""	"s"x""	"s"x""	"s"b""	"s"b""	"s"b""	"s"o""	"s"o""	"s"b""	true
"s"x""	"s"x""	"s"x""	"s"b""	"s"b""	"s"b""	"s"o""	"s"b""	"s"o""	true
"s"x""	"s"x""	"s"x""	"s"b""	"s"b""	"s"b""	"s"b""	"s"o""	"s"o""	true
"s"x""	"s"x""	"s"o""	"s"x""	"s"x""	"s"o""	"s"o""	"s"o""	"s"x""	true
"s"x""	"s"x""	"s"o""	"s"x""	"s"o""	"s"x""	"s"x""	"s"o""	"s"o""	true
"s"x""	"s"x""	"s"o""	"s"x""	"s"o""	"s"o""	"s"x""	"s"o""	"s"x""	true
"s"x""	"s"x""	"s"o""	"s"x""	"s"o""	"s"o""	"s"x""	"s"b""	"s"b""	true
"s"x""	"s"x""	"s"o""	"s"x""	"s"o""	"s"b""	"s"x""	"s"o""	"s"b""	true
"s"x""	"s"x""	"s"o""	"s"x""	"s"o""	"s"b""	"s"x""	"s"b""	"s"o""	true
"s"x""	"s"x""	"s"o""	"s"x""	"s"b""	"s"o""	"s"x""	"s"o""	"s"b""	true
"s"x""	"s"x""	"s"o""	"s"x""	"s"b""	"s"b""	"s"x""	"s"o""	"s"o""	true
"s"x""	"s"x""	"s"o""	"s"o""	"s"x""	"s"x""	"s"o""	"s"x""	"s"o""	true
"s"x""	"s"x""	"s"o""	"s"o""	"s"x""	"s"x""	"s"o""	"s"o""	"s"x""	true
"s"x""	"s"x""	"s"o""	"s"o""	"s"x""	"s"o""	"s"x""	"s"o""	"s"x""	true
"s"x""	"s"x""	"s"o""	"s"o""	"s"x""	"s"o""	"s"o""	"s"x""	"s"x""	true
"s"x""	"s"x""	"s"o""	"s"o""	"s"x""	"s"o""	"s"b""	"s"x""	"s"b""	true
"s"x""	"s"x""	"s"o""	"s"o""	"s"x""	"s"o""	"s"b""	"s"b""	"s"x""	true
"s"x""	"s"x""	"s"o""	"s"o""	"s"x""	"s"b""	"s"o""	"s"x""	"s"b""	true
"s"x""	"s"x""	"s"o""	"s"o""	"s"x""	"s"b""	"s"o""	"s"b""	"s"x""	true
"s"x""	"s"x""	"s"o""	"s"o""	"s"x""	"s"b""	"s"b""	"s"x""	"s"o""	true
"s"x""	"s"x""	"s"o""	"s"o""	"s"x""	"s"b""	"s"b""	"s"o""	"s"x""	true
"s"x""	"s"x""	"s"o""	"s"b""	"s"x""	"s"o""	"s"o""	"s"x""	"s"b""	true
"s"x""	"s"x""	"s"o""	"s"b""	"s"x""	"s"o""	"s"o""	"s"b""	"s"x""	true
"s"x""	"s"x""	"s"o""	"s"b""	"s"x""	"s"o""	"s"b""	"s"o""	"s"x""	true
"s"x""	"s"x""	"s"o""	"s"b""	"s"x""	"s"b""	"s"o""	"s"x""	"s"o""	true
"s"x""	"s"x""	"s"o""	"s"b""	"s"x""	"s"b""	"s"o""	"s"o""	"s"x""	true
"s"x""	"s"x""	"s"b""	"s"x""	"s"o""	"s"o""	"s"x""	"s"o""	"s"b""	true
"s"x""	"s"x""	"s"b""	"s"x""	"s"o""	"s"o""	"s"x""	"s"b""	"s"o""	true
"s"x""	"s"x""	"s"b""	"s"x""	"s"o""	"s"b""	"s"x""	"s"o""	"s"o""	true
"s"x""	"s"x""	"s"b""	"s"x""	"s"b""	"s"o""	"s"x""	"s"o""	"s"o""	true
"s"x""	"s"x""	"s"b""	"s"o""	"s"x""	"s"o""	"s"o""	"s"x""	"s"b""	true
"s"x""	"s"x""	"s"b""	"s"o""	"s"x""	"s"o""	"s"o""	"s"b""	"s"x""	true
"s"x""	"s"x""	"s"b""	"s"o""	"s"x""	"s"o""	"s"b""	"s"x""	"s"o""	true
"s"x""	"s"x""	"s"b""	"s"o""	"s"x""	"s"o""	"s"b""	"s"o""	"s"x""	true
"s"x""	"s"x""	"s"b""	"s"o""	"s"x""	"s"b""	"s"o""	"s"x""	"s"o""	true
"s"x""	"s"x""	"s"b""	"s"o""	"s"x""	"s"b""	"s"o""	"s"o""	"s"x""	true
"s"x""	"s"x""	"s"b""	"s"b""	"s"x""	"s"o""	"s"o""	"s"x""	"s"o""	true
"s"x""	"s"x""	"s"b""	"s"b""	"s"x""	"s"o""	"s"o""	"s"o""	"s"x""	true
"s"x""	"s"o""	"s"x""	"s"x""	"s"x""	"s"o""	"s"x""	"s"o""	"s"o""	true
"s"x""	"s"o""	"s"x""	"s"x""	"s"x""	"s"o""	"s"o""	"s"o""	"s"x""	true
"s"x""	"s"o""	"s"x""	"s"x""	"s"o""	"s"o""	"s"x""	"s"x""	"s"o""	true
"s"x""	"s"o""	"s"x""	"s"x""	"s"o""	"s"o""	"s"x""	"s"b""	"s"b""	true
"s"x""	"s"o""	"s"x""	"s"x""	"s"o""	"s"b""	"s"x""	"s"b""	"s"o""	true
"s"x""	"s"o""	"s"x""	"s"x""	"s"b""	"s"o""	"s"x""	"s"o""	"s"b""	true
"s"x""	"s"o""	"s"x""	"s"x""	"s"b""	"s"o""	"s"x""	"s"b""	"s"o""	true
"s"x""	"s"o""	"s"x""	"s"x""	"s"b""	"s"b""	"s"x""	"s"o""	"s"o""	true
"s"x""	"s"o""	"s"x""	"s"o""	"s"x""	"s"x""	"s"x""	"s"o""	"s"o""	true
"s"x""	"s"o""	"s"x""	"s"o""	"s"x""	"s"x""	"s"o""	"s"o""	"s"x""	true
"s"x""	"s"o""	"s"x""	"s"o""	"s"x""	"s"o""	"s"x""	"s"x""	"s"o""	true
"s"x""	"s"o""	"s"x""	"s"o""	"s"x""	"s"o""	"s"x""	"s"o""	"s"x""	true
"s"x""	"s"o""	"s"x""	"s"o""	"s"x""	"s"o""	"s"x""	"s"b""	"s"b""	true
"s"x""	"s"o""	"s"x""	"s"o""	"s"x""	"s"o""	"s"o""	"s"x""	"s"x""	true
"s"x""	"s"o""	"s"x""	"s"o""	"s"x""	"s"o""	"s"b""	"s"b""	"s"x""	true
"s"x""	"s"o""	"s"x""	"s"o""	"s"x""	"s"b""	"s"x""	"s"o""	"s"b""	true
"s"x""	"s"o""	"s"x""	"s"o""	"s"x""	"s"b""	"s"x""	"s"b""	"s"o""	true
"s"x""	"s"o""	"s"x""	"s"o""	"s"x""	"s"b""	"s"o""	"s"b""	"s"x""	true
"s"x""	"s"o""	"s"x""	"s"o""	"s"x""	"s"b""	"s"b""	"s"o""	"s"x""	true
"s"x""	"s"o""	"s"x""	"s"o""	"s"o""	"s"x""	"s"o""	"s"x""	"s"x""	true
"s"x""	"s"o""	"s"x""	"s"o""	"s"o""	"s"x""	"s"b""	"s"b""	"s"x""	true
"s"x""	"s"o""	"s"x""	"s"o""	"s"b""	"s"x""	"s"o""	"s"b""	"s"x""	true
"s"x""	"s"o""	"s"x""	"s"o""	"s"b""	"s"x""	"s"b""	"s"o""	"s"x""	true
"s"x""	"s"o""	"s"x""	"s"b""	"s"x""	"s"o""	"s"x""	"s"o""	"s"b""	true
"s"x""	"s"o""	"s"x""	"s"b""	"s"x""	"s"o""	"s"x""	"s"b""	"s"o""	true
"s"x""	"s"o""	"s"x""	"s"b""	"s"x""	"s"o""	"s"o""	"s"b""	"s"x""	true
"s"x""	"s"o""	"s"x""	"s"b""	"s"x""	"s"o""	"s"b""	"s"o""	"s"x""	true
"s"x""	"s"o""	"s"x""	"s"b""	"s"x""	"s"b""	"s"x""	"s"o""	"s"o""	true
"s"x""	"s"o""	"s"x""	"s"b""	"s"x""	"s"b""	"s"o""	"s"o""	"s"x""	true
"s"x""	"s"o""	"s"x""	"s"b""	"s"o""	"s"x""	"s"o""	"s"b""	"s"x""	true
"s"x""	"s"o""	"s"x""	"s"b""	"s"b""	"s"x""	"s"o""	"s"o""	"s"x""	true
"s"x""	"s"o""	"s"o""	"s"x""	"s"x""	"s"x""	"s"x""	"s"o""	"s"o""	true
"s"x""	"s"o""	"s"o""	"s"x""	"s"x""	"s"x""	"s"o""	"s"x""	"s"o""	true
"s"x""	"s"o""	"s"o""	"s"x""	"s"x""	"s"x""	"s"o""	"s"o""	"s"x""	true
"s"x""	"s"o""	"s"o""	"s"x""	"s"x""	"s"x""	"s"o""	"s"b""	"s"b""	true
"s"x""	"s"o""	"s"o""	"s"x""	"s"x""	"s"x""	"s"b""	"s"o""	"s"b""	true
"s"x""	"s"o""	"s"o""	"s"x""	"s"x""	"s"x""	"s"b""	"s"b""	"s"o""	true
"s"x""	"s"o""	"s"o""	"s"x""	"s"x""	"s"o""	"s"x""	"s"o""	"s"x""	true
"s"x""	"s"o""	"s"o""	"s"x""	"s"x""	"s"o""	"s"x""	"s"b""	"s"b""	true
"s"x""	"s"o""	"s"o""	"s"x""	"s"x""	"s"o""	"s"o""	"s"x""	"s"x""	true
"s"x""	"s"o""	"s"o""	"s"x""	"s"x""	"s"o""	"s"b""	"s"b""	"s"x""	true
"s"x""	"s"o""	"s"o""	"s"x""	"s"x""	"s"b""	"s"x""	"s"o""	"s"b""	true
"s"x""	"s"o""	"s"o""	"s"x""	"s"x""	"s"b""	"s"x""	"s"b""	"s"o""	true
"s"x""	"s"o""	"s"o""	"s"x""	"s"x""	"s"b""	"s"o""	"s"b""	"s"x""	true
"s"x""	"s"o""	"s"o""	"s"x""	"s"x""	"s"b""	"s"b""	"s"o""	"s"x""	true
"s"x""	"s"o""	"s"o""	"s"x""	"s"o""	"s"x""	"s"x""	"s"x""	"s"o""	true
"s"x""	"s"o""	"s"o""	"s"x""	"s"o""	"s"x""	"s"x""	"s"b""	"s"b""	true
"s"x""	"s"o""	"s"o""	"s"x""	"s"o""	"s"o""	"s"x""	"s"x""	"s"x""	true
"s"x""	"s"o""	"s"o""	"s"x""	"s"o""	"s"b""	"s"x""	"s"x""	"s"b""	true
"s"x""	"s"o""	"s"o""	"s"x""	"s"o""	"s"b""	"s"x""	"s"b""	"s"x""	true
"s"x""	"s"o""	"s"o""	"s"x""	"s"b""	"s"x""	"s"x""	"s"o""	"s"b""	true
"s"x""	"s"o""	"s"o""	"s"x""	"s"b""	"s"x""	"s"x""	"s"b""	"s"o""	true
"s"x""	"s"o""	"s"o""	"s"x""	"s"b""	"s"o""	"s"x""	"s"x""	"s"b""	true
"s"x""	"s"o""	"s"o""	"s"x""	"s"b""	"s"o""	"s"x""	"s"b""	"s"x""	true
"s"x""	"s"o""	"s"o""	"s"x""	"s"b""	"s"b""	"s"x""	"s"x""	"s"o""	true
"s"x""	"s"o""	"s"o""	"s"x""	"s"b""	"s"b""	"s"x""	"s"o""	"s"x""	true
"s"x""	"s"o""	"s"o""	"s"x""	"s"b""	"s"b""	"s"x""	"s"b""	"s"b""	true
"s"x""	"s"o""	"s"o""	"s"o""	"s"x""	"s"x""	"s"x""	"s"o""	"s"x""	true
"s"x""	"s"o""	"s"o""	"s"o""	"s"x""	"s"x""	"s"o""	"s"x""	"s"x""	true
"s"x""	"s"o""	"s"o""	"s"o""	"s"x""	"s"x""	"s"b""	"s"b""	"s"x""	true
"s"x""	"s"o""	"s"o""	"s"o""	"s"x""	"s"o""	"s"x""	"s"x""	"s"x""	true
"s"x""	"s"o""	"s"o""	"s"o""	"s"x""	"s"b""	"s"x""	"s"b""	"s"x""	true
"s"x""	"s"o""	"s"o""	"s"o""	"s"x""	"s"b""	"s"b""	"s"x""	"s"x""	true
"s"x""	"s"o""	"s"o""	"s"o""	"s"o""	"s"x""	"s"x""	"s"x""	"s"x""	true
"s"x""	"s"o""	"s"o""	"s"o""	"s"b""	"s"b""	"s"x""	"s"x""	"s"x""	true
"s"x""	"s"o""	"s"o""	"s"b""	"s"x""	"s"x""	"s"o""	"s"b""	"s"x""	true
"s"x""	"s"o""	"s"o""	"s"b""	"s"x""	"s"x""	"s"b""	"s"o""	"s"x""	true
"s"x""	"s"o""	"s"o""	"s"b""	"s"x""	"s"o""	"s"x""	"s"b""	"s"x""	true
"s"x""	"s"o""	"s"o""	"s"b""	"s"x""	"s"o""	"s"b""	"s"x""	"s"x""	true
"s"x""	"s"o""	"s"o""	"s"b""	"s"x""	"s"b""	"s"x""	"s"o""	"s"x""	true
"s"x""	"s"o""	"s"o""	"s"b""	"s"x""	"s"b""	"s"o""	"s"x""	"s"x""	true
"s"x""	"s"o""	"s"o""	"s"b""	"s"x""	"s"b""	"s"b""	"s"b""	"s"x""	true
"s"x""	"s"o""	"s"o""	"s"b""	"s"o""	"s"b""	"s"x""	"s"x""	"s"x""	true
"s"x""	"s"o""	"s"o""	"s"b""	"s"b""	"s"o""	"s"x""	"s"x""	"s"x""	true
"s"x""	"s"o""	"s"b""	"s"x""	"s"x""	"s"x""	"s"o""	"s"o""	"s"b""	true
"s"x""	"s"o""	"s"b""	"s"x""	"s"x""	"s"x""	"s"o""	"s"b""	"s"o""	true
"s"x""	"s"o""	"s"b""	"s"x""	"s"x""	"s"x""	"s"b""	"s"o""	"s"o""	true
"s"x""	"s"o""	"s"b""	"s"x""	"s"x""	"s"o""	"s"x""	"s"o""	"s"b""	true
"s"x""	"s"o""	"s"b""	"s"x""	"s"x""	"s"o""	"s"x""	"s"b""	"s"o""	true
"s"x""	"s"o""	"s"b""	"s"x""	"s"x""	"s"o""	"s"o""	"s"b""	"s"x""	true
"s"x""	"s"o""	"s"b""	"s"x""	"s"x""	"s"o""	"s"b""	"s"o""	"s"x""	true
"s"x""	"s"o""	"s"b""	"s"x""	"s"x""	"s"b""	"s"x""	"s"o""	"s"o""	true
"s"x""	"s"o""	"s"b""	"s"x""	"s"x""	"s"b""	"s"o""	"s"o""	"s"x""	true
"s"x""	"s"o""	"s"b""	"s"x""	"s"o""	"s"x""	"s"x""	"s"b""	"s"o""	true
"s"x""	"s"o""	"s"b""	"s"x""	"s"o""	"s"o""	"s"x""	"s"x""	"s"b""	true
"s"x""	"s"o""	"s"b""	"s"x""	"s"o""	"s"o""	"s"x""	"s"b""	"s"x""	true
"s"x""	"s"o""	"s"b""	"s"x""	"s"o""	"s"b""	"s"x""	"s"x""	"s"o""	true
"s"x""	"s"o""	"s"b""	"s"x""	"s"o""	"s"b""	"s"x""	"s"b""	"s"b""	true
"s"x""	"s"o""	"s"b""	"s"x""	"s"b""	"s"x""	"s"x""	"s"o""	"s"o""	true
"s"x""	"s"o""	"s"b""	"s"x""	"s"b""	"s"o""	"s"x""	"s"x""	"s"o""	true
"s"x""	"s"o""	"s"b""	"s"x""	"s"b""	"s"o""	"s"x""	"s"o""	"s"x""	true
"s"x""	"s"o""	"s"b""	"s"x""	"s"b""	"s"o""	"s"x""	"s"b""	"s"b""	true
"s"x""	"s"o""	"s"b""	"s"x""	"s"b""	"s"b""	"s"x""	"s"o""	"s"b""	true
"s"x""	"s"o""	"s"b""	"s"x""	"s"b""	"s"b""	"s"x""	"s"b""	"s"o""	true
"s"x""	"s"o""	"s"b""	"s"o""	"s"x""	"s"x""	"s"o""	"s"b""	"s"x""	true
"s"x""	"s"o""	"s"b""	"s"o""	"s"x""	"s"x""	"s"b""	"s"o""	"s"x""	true
"s"x""	"s"o""	"s"b""	"s"o""	"s"x""	"s"o""	"s"x""	"s"b""	"s"x""	true
"s"x""	"s"o""	"s"b""	"s"o""	"s"x""	"s"o""	"s"b""	"s"x""	"s"x""	true
"s"x""	"s"o""	"s"b""	"s"o""	"s"x""	"s"b""	"s"x""	"s"o""	"s"x""	true
"s"x""	"s"o""	"s"b""	"s"o""	"s"x""	"s"b""	"s"o""	"s"x""	"s"x""	true
"s"x""	"s"o""	"s"b""	"s"o""	"s"x""	"s"b""	"s"b""	"s"b""	"s"x""	true
"s"x""	"s"o""	"s"b""	"s"o""	"s"o""	"s"b""	"s"x""	"s"x""	"s"x""	true
"s"x""	"s"o""	"s"b""	"s"o""	"s"b""	"s"o""	"s"x""	"s"x""	"s"x""	true
"s"x""	"s"o""	"s"b""	"s"b""	"s"x""	"s"x""	"s"o""	"s"o""	"s"x""	true
"s"x""	"s"o""	"s"b""	"s"b""	"s"x""	"s"o""	"s"x""	"s"o""	"s"x""	true
"s"x""	"s"o""	"s"b""	"s"b""	"s"x""	"s"o""	"s"o""	"s"x""	"s"x""	true
"s"x""	"s"o""	"s"b""	"s"b""	"s"x""	"s"o""	"s"b""	"s"b""	"s"x""	true
"s"x""	"s"o""	"s"b""	"s"b""	"s"x""	"s"b""	"s"o""	"s"b""	"s"x""	true
"s"x""	"s"o""	"s"b""	"s"b""	"s"x""	"s"b""	"s"b""	"s"o""	"s"x""	true
"s"x""	"s"o""	"s"b""	"s"b""	"s"o""	"s"o""	"s"x""	"s"x""	"s"x""	true
"s"x""	"s"b""	"s"x""	"s"x""	"s"o""	"s"o""	"s"x""	"s"o""	"s"b""	true
"s"x""	"s"b""	"s"x""	"s"x""	"s"o""	"s"o""	"s"x""	"s"b""	"s"o""	true
"s"x""	"s"b""	"s"x""	"s"x""	"s"o""	"s"b""	"s"x""	"s"o""	"s"o""	true
"s"x""	"s"b""	"s"x""	"s"x""	"s"b""	"s"o""	"s"x""	"s"o""	"s"o""	true
"s"x""	"s"b""	"s"x""	"s"o""	"s"x""	"s"o""	"s"x""	"s"o""	"s"b""	true
"s"x""	"s"b""	"s"x""	"s"o""	"s"x""	"s"o""	"s"x""	"s"b""	"s"o""	true
"s"x""	"s"b""	"s"x""	"s"o""	"s"x""	"s"o""	"s"o""	"s"b""	"s"x""	true
"s"x""	"s"b""	"s"x""	"s"o""	"s"x""	"s"o""	"s"b""	"s"o""	"s"x""	true
"s"x""	"s"b""	"s"x""	"s"o""	"s"x""	"s"b""	"s"x""	"s"o""	"s"o""	true
"s"x""	"s"b""	"s"x""	"s"o""	"s"x""	"s"b""	"s"o""	"s"o""	"s"x""	true
"s"x""	"s"b""	"s"x""	"s"o""	"s"o""	"s"x""	"s"o""	"s"b""	"s"x""	true
"s"x""	"s"b""	"s"x""	"s"o""	"s"o""	"s"x""	"s"b""	"s"o""	"s"x""	true
"s"x""	"s"b""	"s"x""	"s"o""	"s"b""	"s"x""	"s"o""	"s"o""	"s"x""	true
"s"x""	"s"b""	"s"x""	"s"b""	"s"x""	"s"o""	"s"x""	"s"o""	"s"o""	true
"s"x""	"s"b""	"s"x""	"s"b""	"s"x""	"s"o""	"s"o""	"s"o""	"s"x""	true
"s"x""	"s"b""	"s"x""	"s"b""	"s"o""	"s"x""	"s"o""	"s"o""	"s"x""	true
"s"x""	"s"b""	"s"o""	"s"x""	"s"x""	"s"x""	"s"o""	"s"o""	"s"b""	true
"s"x""	"s"b""	"s"o""	"s"x""	"s"x""	"s"x""	"s"o""	"s"b""	"s"o""	true
"s"x""	"s"b""	"s"o""	"s"x""	"s"x""	"s"x""	"s"b""	"s"o""	"s"o""	true
"s"x""	"s"b""	"s"o""	"s"x""	"s"x""	"s"o""	"s"x""	"s"o""	"s"b""	true
"s"x""	"s"b""	"s"o""	"s"x""	"s"x""	"s"o""	"s"o""	"s"b""	"s"x""	true
"s"x""	"s"b""	"s"o""	"s"x""	"s"x""	"s"o""	"s"b""	"s"o""	"s"x""	true
"s"x""	"s"b""	"s"o""	"s"x""	"s"x""	"s"b""	"s"x""	"s"o""	"s"o""	true
"s"x""	"s"b""	"s"o""	"s"x""	"s"x""	"s"b""	"s"o""	"s"o""	"s"x""	true
"s"x""	"s"b""	"s"o""	"s"x""	"s"o""	"s"x""	"s"x""	"s"o""	"s"b""	true
"s"x""	"s"b""	"s"o""	"s"x""	"s"o""	"s"x""	"s"x""	"s"b""	"s"o""	true
"s"x""	"s"b""	"s"o""	"s"x""	"s"o""	"s"o""	"s"x""	"s"x""	"s"b""	true
"s"x""	"s"b""	"s"o""	"s"x""	"s"o""	"s"o""	"s"x""	"s"b""	"s"x""	true
"s"x""	"s"b""	"s"o""	"s"x""	"s"o""	"s"b""	"s"x""	"s"x""	"s"o""	true
"s"x""	"s"b""	"s"o""	"s"x""	"s"o""	"s"b""	"s"x""	"s"o""	"s"x""	true
"s"x""	"s"b""	"s"o""	"s"x""	"s"o""	"s"b""	"s"x""	"s"b""	"s"b""	true
"s"x""	"s"b""	"s"o""	"s"x""	"s"b""	"s"x""	"s"x""	"s"o""	"s"o""	true
"s"x""	"s"b""	"s"o""	"s"x""	"s"b""	"s"o""	"s"x""	"s"o""	"s"x""	true
"s"x""	"s"b""	"s"o""	"s"x""	"s"b""	"s"o""	"s"x""	"s"b""	"s"b""	true
"s"x""	"s"b""	"s"o""	"s"x""	"s"b""	"s"b""	"s"x""	"s"o""	"s"b""	true
"s"x""	"s"b""	"s"o""	"s"x""	"s"b""	"s"b""	"s"x""	"s"b""	"s"o""	true
"s"x""	"s"b""	"s"o""	"s"o""	"s"x""	"s"x""	"s"o""	"s"b""	"s"x""	true
"s"x""	"s"b""	"s"o""	"s"o""	"s"x""	"s"x""	"s"b""	"s"o""	"s"x""	true
"s"x""	"s"b""	"s"o""	"s"o""	"s"x""	"s"o""	"s"x""	"s"b""	"s"x""	true
"s"x""	"s"b""	"s"o""	"s"o""	"s"x""	"s"o""	"s"b""	"s"x""	"s"x""	true
"s"x""	"s"b""	"s"o""	"s"o""	"s"x""	"s"b""	"s"x""	"s"o""	"s"x""	true
"s"x""	"s"b""	"s"o""	"s"o""	"s"x""	"s"b""	"s"o""	"s"x""	"s"x""	true
"s"x""	"s"b""	"s"o""	"s"o""	"s"x""	"s"b""	"s"b""	"s"b""	"s"x""	true
"s"x""	"s"b""	"s"o""	"s"o""	"s"o""	"s"b""	"s"x""	"s"x""	"s"x""	true
"s"x""	"s"b""	"s"o""	"s"o""	"s"b""	"s"o""	"s"x""	"s"x""	"s"x""	true
"s"x""	"s"b""	"s"o""	"s"b""	"s"x""	"s"x""	"s"o""	"s"o""	"s"x""	true
"s"x""	"s"b""	"s"o""	"s"b""	"s"x""	"s"o""	"s"x""	"s"o""	"s"x""	true
"s"x""	"s"b""	"s"o""	"s"b""	"s"x""	"s"o""	"s"o""	"s"x""	"s"x""	true
"s"x""	"s"b""	"s"o""	"s"b""	"s"x""	"s"o""	"s"b""	"s"b""	"s"x""	true
"s"x""	"s"b""	"s"o""	"s"b""	"s"x""	"s"b""	"s"o""	"s"b""	"s"x""	true
"s"x""	"s"b""	"s"o""	"s"b""	"s"x""	"s"b""	"s"b""	"s"o""	"s"x""	true
"s"x""	"s"b""	"s"o""	"s"b""	"s"o""	"s"o""	"s"x""	"s"x""	"s"x""	true
"s"x""	"s"b""	"s"b""	"s"x""	"s"x""	"s"o""	"s"x""	"s"o""	"s"o""	true
"s"x""	"s"b""	"s"b""	"s"x""	"s"x""	"s"o""	"s"o""	"s"o""	"s"x""	true
"s"x""	"s"b""	"s"b""	"s"x""	"s"o""	"s"x""	"s"x""	"s"o""	"s"o""	true
"s"x""	"s"b""	"s"b""	"s"x""	"s"o""	"s"o""	"s"x""	"s"x""	"s"o""	true
"s"x""	"s"b""	"s"b""	"s"x""	"s"o""	"s"o""	"s"x""	"s"o""	"s"x""	true
"s"x""	"s"b""	"s"b""	"s"x""	"s"o""	"s"o""	"s"x""	"s"b""	"s"b""	true
"s"x""	"s"b""	"s"b""	"s"x""	"s"o""	"s"b""	"s"x""	"s"o""	"s"b""	true
"s"x""	"s"b""	"s"b""	"s"x""	"s"o""	"s"b""	"s"x""	"s"b""	"s"o""	true
"s"x""	"s"b""	"s"b""	"s"x""	"s"b""	"s"o""	"s"x""	"s"o""	"s"b""	true
"s"x""	"s"b""	"s"b""	"s"x""	"s"b""	"s"o""	"s"x""	"s"b""	"s"o""	true
"s"x""	"s"b""	"s"b""	"s"x""	"s"b""	"s"b""	"s"x""	"s"o""	"s"o""	true
"s"x""	"s"b""	"s"b""	"s"o""	"s"x""	"s"x""	"s"o""	"s"o""	"s"x""	true
"s"x""	"s"b""	"s"b""	"s"o""	"s"x""	"s"o""	"s"x""	"s"o""	"s"x""	true
"s"x""	"s"b""	"s"b""	"s"o""	"s"x""	"s"o""	"s"o""	"s"x""	"s"x""	true
"s"x""	"s"b""	"s"b""	"s"o""	"s"x""	"s"o""	"s"b""	"s"b""	"s"x""	true
"s"x""	"s"b""	"s"b""	"s"o""	"s"x""	"s"b""	"s"o""	"s"b""	"s"x""	true
"s"x""	"s"b""	"s"b""	"s"o""	"s"x""	"s"b""	"s"b""	"s"o""	"s"x""	true
"s"x""	"s"b""	"s"b""	"s"b""	"s"x""	"s"o""	"s"o""	"s"b""	"s"x""	true
"s"x""	"s"b""	"s"b""	"s"b""	"s"x""	"s"o""	"s"b""	"s"o""	"s"x""	true
"s"x""	"s"b""	"s"b""	"s"b""	"s"x""	"s"b""	"s"o""	"s"o""	"s"x""	true
"s"o""	"s"x""	"s"x""	"s"x""	"s"x""	"s"o""	"s"x""	"s"o""	"s"o""	true
"s"o""	"s"x""	"s"x""	"s"x""	"s"x""	"s"o""	"s"o""	"s"x""	"s"o""	true
"s"o""	"s"x""	"s"x""	"s"x""	"s"o""	"s"x""	"s"o""	"s"o""	"s"x""	true
"s"o""	"s"x""	"s"x""	"s"o""	"s"x""	"s"x""	"s"x""	"s"o""	"s"o""	true
"s"o""	"s"x""	"s"x""	"s"o""	"s"x""	"s"o""	"s"x""	"s"x""	"s"o""	true
"s"o""	"s"x""	"s"x""	"s"o""	"s"x""	"s"o""	"s"x""	"s"o""	"s"x""	true
"s"o""	"s"x""	"s"x""	"s"o""	"s"x""	"s"o""	"s"x""	"s"b""	"s"b""	true
"s"o""	"s"x""	"s"x""	"s"o""	"s"x""	"s"o""	"s"b""	"s"x""	"s"b""	true
"s"o""	"s"x""	"s"x""	"s"o""	"s"x""	"s"b""	"s"x""	"s"o""	"s"b""	true
"s"o""	"s"x""	"s"x""	"s"o""	"s"x""	"s"b""	"s"x""	"s"b""	"s"o""	true
"s"o""	"s"x""	"s"x""	"s"o""	"s"x""	"s"b""	"s"b""	"s"x""	"s"o""	true
"s"o""	"s"x""	"s"x""	"s"o""	"s"o""	"s"x""	"s"x""	"s"o""	"s"x""	true
"s"o""	"s"x""	"s"x""	"s"o""	"s"o""	"s"x""	"s"b""	"s"b""	"s"x""	true
"s"o""	"s"x""	"s"x""	"s"o""	"s"b""	"s"x""	"s"b""	"s"o""	"s"x""	true
"s"o""	"s"x""	"s"x""	"s"b""	"s"x""	"s"o""	"s"x""	"s"o""	"s"b""	true
"s"o""	"s"x""	"s"x""	"s"b""	"s"x""	"s"o""	"s"x""	"s"b""	"s"o""	true
"s"o""	"s"x""	"s"x""	"s"b""	"s"x""	"s"o""	"s"o""	"s"x""	"s"b""	true
"s"o""	"s"x""	"s"x""	"s"b""	"s"x""	"s"o""	"s"b""	"s"x""	"s"o""	true
"s"o""	"s"x""	"s"x""	"s"b""	"s"x""	"s"b""	"s"x""	"s"o""	"s"o""	true
"s"o""	"s"x""	"s"x""	"s"b""	"s"x""	"s"b""	"s"o""	"s"x""	"s"o""	true
"s"o""	"s"x""	"s"x""	"s"b""	"s"o""	"s"x""	"s"o""	"s"b""	"s"x""	true
"s"o""	"s"x""	"s"x""	"s"b""	"s"o""	"s"x""	"s"b""	"s"o""	"s"x""	true
"s"o""	"s"x""	"s"x""	"s"b""	"s"b""	"s"x""	"s"o""	"s"o""	"s"x""	true
"s"o""	"s"x""	"s"o""	"s"x""	"s"x""	"s"x""	"s"x""	"s"o""	"s"o""	true
"s"o""	"s"x""	"s"o""	"s"x""	"s"x""	"s"x""	"s"o""	"s"x""	"s"o""	true
"s"o""	"s"x""	"s"o""	"s"x""	"s"x""	"s"x""	"s"o""	"s"o""	"s"x""	true
"s"o""	"s"x""	"s"o""	"s"x""	"s"x""	"s"x""	"s"o""	"s"b""	"s"b""	true
"s"o""	"s"x""	"s"o""	"s"x""	"s"x""	"s"x""	"s"b""	"s"o""	"s"b""	true
"s"o""	"s"x""	"s"o""	"s"x""	"s"x""	"s"x""	"s"b""	"s"b""	"s"o""	true
"s"o""	"s"x""	"s"o""	"s"x""	"s"x""	"s"o""	"s"o""	"s"x""	"s"x""	true
"s"o""	"s"x""	"s"o""	"s"x""	"s"x""	"s"o""	"s"b""	"s"x""	"s"b""	true
"s"o""	"s"x""	"s"o""	"s"x""	"s"x""	"s"b""	"s"o""	"s"x""	"s"b""	true
"s"o""	"s"x""	"s"o""	"s"x""	"s"x""	"s"b""	"s"b""	"s"x""	"s"o""	true
"s"o""	"s"x""	"s"o""	"s"x""	"s"o""	"s"o""	"s"x""	"s"x""	"s"x""	true
"s"o""	"s"x""	"s"o""	"s"o""	"s"x""	"s"x""	"s"x""	"s"x""	"s"o""	true
"s"o""	"s"x""	"s"o""	"s"o""	"s"x""	"s"x""	"s"b""	"s"x""	"s"b""	true
"s"o""	"s"x""	"s"o""	"s"o""	"s"x""	"s"o""	"s"x""	"s"x""	"s"x""	true
"s"o""	"s"x""	"s"o""	"s"o""	"s"x""	"s"b""	"s"x""	"s"x""	"s"b""	true
"s"o""	"s"x""	"s"o""	"s"o""	"s"x""	"s"b""	"s"b""	"s"x""	"s"x""	true
"s"o""	"s"x""	"s"o""	"s"o""	"s"o""	"s"x""	"s"x""	"s"x""	"s"x""	true
"s"o""	"s"x""	"s"o""	"s"o""	"s"b""	"s"b""	"s"x""	"s"x""	"s"x""	true
"s"o""	"s"x""	"s"o""	"s"b""	"s"x""	"s"x""	"s"o""	"s"x""	"s"b""	true
"s"o""	"s"x""	"s"o""	"s"b""	"s"x""	"s"x""	"s"b""	"s"x""	"s"o""	true
"s"o""	"s"x""	"s"o""	"s"b""	"s"x""	"s"o""	"s"x""	"s"x""	"s"b""	true
"s"o""	"s"x""	"s"o""	"s"b""	"s"x""	"s"o""	"s"b""	"s"x""	"s"x""	true
"s"o""	"s"x""	"s"o""	"s"b""	"s"x""	"s"b""	"s"x""	"s"x""	"s"o""	true
"s"o""	"s"x""	"s"o""	"s"b""	"s"x""	"s"b""	"s"o""	"s"x""	"s"x""	true
"s"o""	"s"x""	"s"o""	"s"b""	"s"x""	"s"b""	"s"b""	"s"x""	"s"b""	true
"s"o""	"s"x""	"s"o""	"s"b""	"s"o""	"s"b""	"s"x""	"s"x""	"s"x""	true
"s"o""	"s"x""	"s"o""	"s"b""	"s"b""	"s"o""	"s"x""	"s"x""	"s"x""	true
"s"o""	"s"x""	"s"b""	"s"x""	"s"x""	"s"x""	"s"o""	"s"o""	"s"b""	true
"s"o""	"s"x""	"s"b""	"s"x""	"s"x""	"s"x""	"s"o""	"s"b""	"s"o""	true
"s"o""	"s"x""	"s"b""	"s"x""	"s"x""	"s"x""	"s"b""	"s"o""	"s"o""	true
"s"o""	"s"x""	"s"b""	"s"x""	"s"x""	"s"o""	"s"o""	"s"x""	"s"b""	true
"s"o""	"s"x""	"s"b""	"s"x""	"s"x""	"s"o""	"s"b""	"s"x""	"s"o""	true
"s"o""	"s"x""	"s"b""	"s"x""	"s"x""	"s"b""	"s"o""	"s"x""	"s"o""	true
"s"o""	"s"x""	"s"b""	"s"o""	"s"x""	"s"x""	"s"b""	"s"x""	"s"o""	true
"s"o""	"s"x""	"s"b""	"s"o""	"s"x""	"s"o""	"s"x""	"s"x""	"s"b""	true
"s"o""	"s"x""	"s"b""	"s"o""	"s"x""	"s"o""	"s"b""	"s"x""	"s"x""	true
"s"o""	"s"x""	"s"b""	"s"o""	"s"x""	"s"b""	"s"x""	"s"x""	"s"o""	true
"s"o""	"s"x""	"s"b""	"s"o""	"s"x""	"s"b""	"s"b""	"s"x""	"s"b""	true
"s"o""	"s"x""	"s"b""	"s"o""	"s"o""	"s"b""	"s"x""	"s"x""	"s"x""	true
"s"o""	"s"x""	"s"b""	"s"o""	"s"b""	"s"o""	"s"x""	"s"x""	"s"x""	true
"s"o""	"s"x""	"s"b""	"s"b""	"s"x""	"s"x""	"s"o""	"s"x""	"s"o""	true
"s"o""	"s"x""	"s"b""	"s"b""	"s"x""	"s"o""	"s"x""	"s"x""	"s"o""	true
"s"o""	"s"x""	"s"b""	"s"b""	"s"x""	"s"o""	"s"o""	"s"x""	"s"x""	true
"s"o""	"s"x""	"s"b""	"s"b""	"s"x""	"s"o""	"s"b""	"s"x""	"s"b""	true
"s"o""	"s"x""	"s"b""	"s"b""	"s"x""	"s"b""	"s"o""	"s"x""	"s"b""	true
"s"o""	"s"x""	"s"b""	"s"b""	"s"x""	"s"b""	"s"b""	"s"x""	"s"o""	true
"s"o""	"s"x""	"s"b""	"s"b""	"s"o""	"s"o""	"s"x""	"s"x""	"s"x""	true
"s"o""	"s"o""	"s"x""	"s"x""	"s"x""	"s"x""	"s"x""	"s"o""	"s"o""	true
"s"o""	"s"o""	"s"x""	"s"x""	"s"x""	"s"x""	"s"o""	"s"x""	"s"o""	true
"s"o""	"s"o""	"s"x""	"s"x""	"s"x""	"s"x""	"s"o""	"s"o""	"s"x""	true
"s"o""	"s"o""	"s"x""	"s"x""	"s"x""	"s"x""	"s"o""	"s"b""	"s"b""	true
"s"o""	"s"o""	"s"x""	"s"x""	"s"x""	"s"x""	"s"b""	"s"o""	"s"b""	true
"s"o""	"s"o""	"s"x""	"s"x""	"s"x""	"s"x""	"s"b""	"s"b""	"s"o""	true
"s"o""	"s"o""	"s"x""	"s"x""	"s"x""	"s"o""	"s"x""	"s"x""	"s"o""	true
"s"o""	"s"o""	"s"x""	"s"x""	"s"x""	"s"o""	"s"x""	"s"o""	"s"x""	true
"s"o""	"s"o""	"s"x""	"s"x""	"s"x""	"s"o""	"s"x""	"s"b""	"s"b""	true
"s"o""	"s"o""	"s"x""	"s"x""	"s"x""	"s"b""	"s"x""	"s"o""	"s"b""	true
"s"o""	"s"o""	"s"x""	"s"x""	"s"x""	"s"b""	"s"x""	"s"b""	"s"o""	true
"s"o""	"s"o""	"s"x""	"s"x""	"s"o""	"s"x""	"s"o""	"s"x""	"s"x""	true
"s"o""	"s"o""	"s"x""	"s"x""	"s"o""	"s"x""	"s"b""	"s"b""	"s"x""	true
"s"o""	"s"o""	"s"x""	"s"x""	"s"o""	"s"o""	"s"x""	"s"x""	"s"x""	true
"s"o""	"s"o""	"s"x""	"s"x""	"s"b""	"s"x""	"s"o""	"s"b""	"s"x""	true
"s"o""	"s"o""	"s"x""	"s"x""	"s"b""	"s"x""	"s"b""	"s"o""	"s"x""	true
"s"o""	"s"o""	"s"x""	"s"o""	"s"x""	"s"x""	"s"x""	"s"x""	"s"o""	true
"s"o""	"s"o""	"s"x""	"s"o""	"s"x""	"s"x""	"s"x""	"s"o""	"s"x""	true
"s"o""	"s"o""	"s"x""	"s"o""	"s"x""	"s"x""	"s"x""	"s"b""	"s"b""	true
"s"o""	"s"o""	"s"x""	"s"o""	"s"x""	"s"x""	"s"b""	"s"b""	"s"x""	true
"s"o""	"s"o""	"s"x""	"s"o""	"s"x""	"s"o""	"s"x""	"s"x""	"s"x""	true
"s"o""	"s"o""	"s"x""	"s"o""	"s"x""	"s"b""	"s"x""	"s"x""	"s"b""	true
"s"o""	"s"o""	"s"x""	"s"o""	"s"x""	"s"b""	"s"x""	"s"b""	"s"x""	true
"s"o""	"s"o""	"s"x""	"s"o""	"s"o""	"s"x""	"s"x""	"s"x""	"s"x""	true
"s"o""	"s"o""	"s"x""	"s"o""	"s"b""	"s"x""	"s"x""	"s"b""	"s"x""	true
"s"o""	"s"o""	"s"x""	"s"o""	"s"b""	"s"x""	"s"b""	"s"x""	"s"x""	true
"s"o""	"s"o""	"s"x""	"s"o""	"s"b""	"s"b""	"s"x""	"s"x""	"s"x""	true
"s"o""	"s"o""	"s"x""	"s"b""	"s"x""	"s"x""	"s"x""	"s"o""	"s"b""	true
"s"o""	"s"o""	"s"x""	"s"b""	"s"x""	"s"x""	"s"x""	"s"b""	"s"o""	true
"s"o""	"s"o""	"s"x""	"s"b""	"s"x""	"s"x""	"s"o""	"s"b""	"s"x""	true
"s"o""	"s"o""	"s"x""	"s"b""	"s"x""	"s"x""	"s"b""	"s"o""	"s"x""	true
"s"o""	"s"o""	"s"x""	"s"b""	"s"x""	"s"o""	"s"x""	"s"x""	"s"b""	true
"s"o""	"s"o""	"s"x""	"s"b""	"s"x""	"s"o""	"s"x""	"s"b""	"s"x""	true
"s"o""	"s"o""	"s"x""	"s"b""	"s"x""	"s"b""	"s"x""	"s"x""	"s"o""	true
"s"o""	"s"o""	"s"x""	"s"b""	"s"x""	"s"b""	"s"x""	"s"o""	"s"x""	true
"s"o""	"s"o""	"s"x""	"s"b""	"s"x""	"s"b""	"s"x""	"s"b""	"s"b""	true
"s"o""	"s"o""	"s"x""	"s"b""	"s"o""	"s"x""	"s"x""	"s"b""	"s"x""	true
"s"o""	"s"o""	"s"x""	"s"b""	"s"o""	"s"x""	"s"b""	"s"x""	"s"x""	true
"s"o""	"s"o""	"s"x""	"s"b""	"s"o""	"s"b""	"s"x""	"s"x""	"s"x""	true
"s"o""	"s"o""	"s"x""	"s"b""	"s"b""	"s"x""	"s"x""	"s"o""	"s"x""	true
"s"o""	"s"o""	"s"x""	"s"b""	"s"b""	"s"x""	"s"o""	"s"x""	"s"x""	true
"s"o""	"s"o""	"s"x""	"s"b""	"s"b""	"s"x""	"s"b""	"s"b""	"s"x""	true
"s"o""	"s"o""	"s"x""	"s"b""	"s"b""	"s"o""	"s"x""	"s"x""	"s"x""	true
"s"o""	"s"o""	"s"b""	"s"x""	"s"x""	"s"x""	"s"x""	"s"o""	"s"b""	true
"s"o""	"s"o""	"s"b""	"s"x""	"s"x""	"s"x""	"s"x""	"s"b""	"s"o""	true
"s"o""	"s"o""	"s"b""	"s"x""	"s"x""	"s"x""	"s"o""	"s"x""	"s"b""	true
"s"o""	"s"o""	"s"b""	"s"x""	"s"x""	"s"x""	"s"o""	"s"b""	"s"x""	true
"s"o""	"s"o""	"s"b""	"s"x""	"s"x""	"s"x""	"s"b""	"s"x""	"s"o""	true
"s"o""	"s"o""	"s"b""	"s"x""	"s"x""	"s"x""	"s"b""	"s"o""	"s"x""	true
"s"o""	"s"o""	"s"b""	"s"x""	"s"x""	"s"x""	"s"b""	"s"b""	"s"b""	true
"s"o""	"s"o""	"s"b""	"s"x""	"s"o""	"s"b""	"s"x""	"s"x""	"s"x""	true
"s"o""	"s"o""	"s"b""	"s"x""	"s"b""	"s"o""	"s"x""	"s"x""	"s"x""	true
"s"o""	"s"o""	"s"b""	"s"o""	"s"x""	"s"b""	"s"x""	"s"x""	"s"x""	true
"s"o""	"s"o""	"s"b""	"s"o""	"s"b""	"s"x""	"s"x""	"s"x""	"s"x""	true
"s"o""	"s"o""	"s"b""	"s"b""	"s"x""	"s"o""	"s"x""	"s"x""	"s"x""	true
"s"o""	"s"o""	"s"b""	"s"b""	"s"o""	"s"x""	"s"x""	"s"x""	"s"x""	true
"s"o""	"s"o""	"s"b""	"s"b""	"s"b""	"s"b""	"s"x""	"s"x""	"s"x""	true
"s"o""	"s"b""	"s"x""	"s"x""	"s"x""	"s"x""	"s"o""	"s"o""	"s"b""	true
"s"o""	"s"b""	"s"x""	"s"x""	"s"x""	"s"x""	"s"o""	"s"b""	"s"o""	true
"s"o""	"s"b""	"s"x""	"s"x""	"s"x""	"s"x""	"s"b""	"s"o""	"s"o""	true
"s"o""	"s"b""	"s"x""	"s"x""	"s"x""	"s"o""	"s"x""	"s"o""	"s"b""	true
"s"o""	"s"b""	"s"x""	"s"x""	"s"x""	"s"o""	"s"x""	"s"b""	"s"o""	true
"s"o""	"s"b""	"s"x""	"s"x""	"s"x""	"s"b""	"s"x""	"s"o""	"s"o""	true
"s"o""	"s"b""	"s"x""	"s"x""	"s"o""	"s"x""	"s"o""	"s"b""	"s"x""	true
"s"o""	"s"b""	"s"x""	"s"x""	"s"o""	"s"x""	"s"b""	"s"o""	"s"x""	true
"s"o""	"s"b""	"s"x""	"s"x""	"s"b""	"s"x""	"s"o""	"s"o""	"s"x""	true
"s"o""	"s"b""	"s"x""	"s"o""	"s"x""	"s"x""	"s"x""	"s"o""	"s"b""	true
"s"o""	"s"b""	"s"x""	"s"o""	"s"x""	"s"x""	"s"x""	"s"b""	"s"o""	true
"s"o""	"s"b""	"s"x""	"s"o""	"s"x""	"s"x""	"s"b""	"s"o""	"s"x""	true
"s"o""	"s"b""	"s"x""	"s"o""	"s"x""	"s"o""	"s"x""	"s"x""	"s"b""	true
"s"o""	"s"b""	"s"x""	"s"o""	"s"x""	"s"o""	"s"x""	"s"b""	"s"x""	true
"s"o""	"s"b""	"s"x""	"s"o""	"s"x""	"s"b""	"s"x""	"s"x""	"s"o""	true
"s"o""	"s"b""	"s"x""	"s"o""	"s"x""	"s"b""	"s"x""	"s"o""	"s"x""	true
"s"o""	"s"b""	"s"x""	"s"o""	"s"x""	"s"b""	"s"x""	"s"b""	"s"b""	true
"s"o""	"s"b""	"s"x""	"s"o""	"s"o""	"s"x""	"s"x""	"s"b""	"s"x""	true
"s"o""	"s"b""	"s"x""	"s"o""	"s"o""	"s"x""	"s"b""	"s"x""	"s"x""	true
"s"o""	"s"b""	"s"x""	"s"o""	"s"o""	"s"b""	"s"x""	"s"x""	"s"x""	true
"s"o""	"s"b""	"s"x""	"s"o""	"s"b""	"s"x""	"s"x""	"s"o""	"s"x""	true
"s"o""	"s"b""	"s"x""	"s"o""	"s"b""	"s"x""	"s"b""	"s"b""	"s"x""	true
"s"o""	"s"b""	"s"x""	"s"o""	"s"b""	"s"o""	"s"x""	"s"x""	"s"x""	true
"s"o""	"s"b""	"s"x""	"s"b""	"s"x""	"s"x""	"s"x""	"s"o""	"s"o""	true
"s"o""	"s"b""	"s"x""	"s"b""	"s"x""	"s"x""	"s"o""	"s"o""	"s"x""	true
"s"o""	"s"b""	"s"x""	"s"b""	"s"x""	"s"o""	"s"x""	"s"x""	"s"o""	true
"s"o""	"s"b""	"s"x""	"s"b""	"s"x""	"s"o""	"s"x""	"s"o""	"s"x""	true
"s"o""	"s"b""	"s"x""	"s"b""	"s"x""	"s"o""	"s"x""	"s"b""	"s"b""	true
"s"o""	"s"b""	"s"x""	"s"b""	"s"x""	"s"b""	"s"x""	"s"o""	"s"b""	true
"s"o""	"s"b""	"s"x""	"s"b""	"s"x""	"s"b""	"s"x""	"s"b""	"s"o""	true
"s"o""	"s"b""	"s"x""	"s"b""	"s"o""	"s"x""	"s"x""	"s"o""	"s"x""	true
"s"o""	"s"b""	"s"x""	"s"b""	"s"o""	"s"x""	"s"o""	"s"x""	"s"x""	true
"s"o""	"s"b""	"s"x""	"s"b""	"s"o""	"s"x""	"s"b""	"s"b""	"s"x""	true
"s"o""	"s"b""	"s"x""	"s"b""	"s"o""	"s"o""	"s"x""	"s"x""	"s"x""	true
"s"o""	"s"b""	"s"x""	"s"b""	"s"b""	"s"x""	"s"o""	"s"b""	"s"x""	true
"s"o""	"s"b""	"s"x""	"s"b""	"s"b""	"s"x""	"s"b""	"s"o""	"s"x""	true
"s"o""	"s"b""	"s"o""	"s"x""	"s"x""	"s"x""	"s"x""	"s"o""	"s"b""	true
"s"o""	"s"b""	"s"o""	"s"x""	"s"x""	"s"x""	"s"x""	"s"b""	"s"o""	true
"s"o""	"s"b""	"s"o""	"s"x""	"s"x""	"s"x""	"s"o""	"s"x""	"s"b""	true
"s"o""	"s"b""	"s"o""	"s"x""	"s"x""	"s"x""	"s"o""	"s"b""	"s"x""	true
"s"o""	"s"b""	"s"o""	"s"x""	"s"x""	"s"x""	"s"b""	"s"x""	"s"o""	true
"s"o""	"s"b""	"s"o""	"s"x""	"s"x""	"s"x""	"s"b""	"s"o""	"s"x""	true
"s"o""	"s"b""	"s"o""	"s"x""	"s"x""	"s"x""	"s"b""	"s"b""	"s"b""	true
"s"o""	"s"b""	"s"o""	"s"x""	"s"o""	"s"b""	"s"x""	"s"x""	"s"x""	true
"s"o""	"s"b""	"s"o""	"s"x""	"s"b""	"s"o""	"s"x""	"s"x""	"s"x""	true
"s"o""	"s"b""	"s"o""	"s"o""	"s"x""	"s"b""	"s"x""	"s"x""	"s"x""	true
"s"o""	"s"b""	"s"o""	"s"o""	"s"b""	"s"x""	"s"x""	"s"x""	"s"x""	true
"s"o""	"s"b""	"s"o""	"s"b""	"s"x""	"s"o""	"s"x""	"s"x""	"s"x""	true
"s"o""	"s"b""	"s"o""	"s"b""	"s"o""	"s"x""	"s"x""	"s"x""	"s"x""	true
"s"o""	"s"b""	"s"o""	"s"b""	"s"b""	"s"b""	"s"x""	"s"x""	"s"x""	true
"s"o""	"s"b""	"s"b""	"s"x""	"s"x""	"s"x""	"s"x""	"s"o""	"s"o""	true
"s"o""	"s"b""	"s"b""	"s"x""	"s"x""	"s"x""	"s"o""	"s"x""	"s"o""	true
"s"o""	"s"b""	"s"b""	"s"x""	"s"x""	"s"x""	"s"o""	"s"o""	"s"x""	true
"s"o""	"s"b""	"s"b""	"s"x""	"s"x""	"s"x""	"s"o""	"s"b""	"s"b""	true
"s"o""	"s"b""	"s"b""	"s"x""	"s"x""	"s"x""	"s"b""	"s"o""	"s"b""	true
"s"o""	"s"b""	"s"b""	"s"x""	"s"x""	"s"x""	"s"b""	"s"b""	"s"o""	true
"s"o""	"s"b""	"s"b""	"s"x""	"s"o""	"s"o""	"s"x""	"s"x""	"s"x""	true
"s"o""	"s"b""	"s"b""	"s"o""	"s"x""	"s"o""	"s"x""	"s"x""	"s"x""	true
"s"o""	"s"b""	"s"b""	"s"o""	"s"o""	"s"x""	"s"x""	"s"x""	"s"x""	true
"s"o""	"s"b""	"s"b""	"s"o""	"s"b""	"s"b""	"s"x""	"s"x""	"s"x""	true
"s"o""	"s"b""	"s"b""	"s"b""	"s"o""	"s"b""	"s"x""	"s"x""	"s"x""	true
"s"o""	"s"b""	"s"b""	"s"b""	"s"b""	"s"o""	"s"x""	"s"x""	"s"x""	true
"s"b""	"s"x""	"s"x""	"s"o""	"s"x""	"s"o""	"s"x""	"s"o""	"s"b""	true
"s"b""	"s"x""	"s"x""	"s"o""	"s"x""	"s"o""	"s"x""	"s"b""	"s"o""	true
"s"b""	"s"x""	"s"x""	"s"o""	"s"x""	"s"o""	"s"o""	"s"x""	"s"b""	true
"s"b""	"s"x""	"s"x""	"s"o""	"s"x""	"s"o""	"s"b""	"s"x""	"s"o""	true
"s"b""	"s"x""	"s"x""	"s"o""	"s"x""	"s"b""	"s"x""	"s"o""	"s"o""	true
"s"b""	"s"x""	"s"x""	"s"o""	"s"x""	"s"b""	"s"o""	"s"x""	"s"o""	true
"s"b""	"s"x""	"s"x""	"s"o""	"s"o""	"s"x""	"s"o""	"s"b""	"s"x""	true
"s"b""	"s"x""	"s"x""	"s"o""	"s"o""	"s"x""	"s"b""	"s"o""	"s"x""	true
"s"b""	"s"x""	"s"x""	"s"o""	"s"b""	"s"x""	"s"o""	"s"o""	"s"x""	true
"s"b""	"s"x""	"s"x""	"s"b""	"s"x""	"s"o""	"s"x""	"s"o""	"s"o""	true
"s"b""	"s"x""	"s"x""	"s"b""	"s"x""	"s"o""	"s"o""	"s"x""	"s"o""	true
"s"b""	"s"x""	"s"x""	"s"b""	"s"o""	"s"x""	"s"o""	"s"o""	"s"x""	true
"s"b""	"s"x""	"s"o""	"s"x""	"s"x""	"s"x""	"s"o""	"s"o""	"s"b""	true
"s"b""	"s"x""	"s"o""	"s"x""	"s"x""	"s"x""	"s"o""	"s"b""	"s"o""	true
"s"b""	"s"x""	"s"o""	"s"x""	"s"x""	"s"x""	"s"b""	"s"o""	"s"o""	true
"s"b""	"s"x""	"s"o""	"s"x""	"s"x""	"s"o""	"s"o""	"s"x""	"s"b""	true
"s"b""	"s"x""	"s"o""	"s"x""	"s"x""	"s"b""	"s"o""	"s"x""	"s"o""	true
"s"b""	"s"x""	"s"o""	"s"o""	"s"x""	"s"x""	"s"o""	"s"x""	"s"b""	true
"s"b""	"s"x""	"s"o""	"s"o""	"s"x""	"s"x""	"s"b""	"s"x""	"s"o""	true
"s"b""	"s"x""	"s"o""	"s"o""	"s"x""	"s"o""	"s"x""	"s"x""	"s"b""	true
"s"b""	"s"x""	"s"o""	"s"o""	"s"x""	"s"o""	"s"b""	"s"x""	"s"x""	true
"s"b""	"s"x""	"s"o""	"s"o""	"s"x""	"s"b""	"s"x""	"s"x""	"s"o""	true
"s"b""	"s"x""	"s"o""	"s"o""	"s"x""	"s"b""	"s"o""	"s"x""	"s"x""	true
"s"b""	"s"x""	"s"o""	"s"o""	"s"x""	"s"b""	"s"b""	"s"x""	"s"b""	true
"s"b""	"s"x""	"s"o""	"s"o""	"s"o""	"s"b""	"s"x""	"s"x""	"s"x""	true
"s"b""	"s"x""	"s"o""	"s"o""	"s"b""	"s"o""	"s"x""	"s"x""	"s"x""	true
"s"b""	"s"x""	"s"o""	"s"b""	"s"x""	"s"x""	"s"o""	"s"x""	"s"o""	true
"s"b""	"s"x""	"s"o""	"s"b""	"s"x""	"s"o""	"s"o""	"s"x""	"s"x""	true
"s"b""	"s"x""	"s"o""	"s"b""	"s"x""	"s"o""	"s"b""	"s"x""	"s"b""	true
"s"b""	"s"x""	"s"o""	"s"b""	"s"x""	"s"b""	"s"o""	"s"x""	"s"b""	true
"s"b""	"s"x""	"s"o""	"s"b""	"s"x""	"s"b""	"s"b""	"s"x""	"s"o""	true
"s"b""	"s"x""	"s"o""	"s"b""	"s"o""	"s"o""	"s"x""	"s"x""	"s"x""	true
"s"b""	"s"x""	"s"b""	"s"x""	"s"x""	"s"o""	"s"o""	"s"x""	"s"o""	true
"s"b""	"s"x""	"s"b""	"s"o""	"s"x""	"s"x""	"s"o""	"s"x""	"s"o""	true
"s"b""	"s"x""	"s"b""	"s"o""	"s"x""	"s"o""	"s"x""	"s"x""	"s"o""	true
"s"b""	"s"x""	"s"b""	"s"o""	"s"x""	"s"o""	"s"o""	"s"x""	"s"x""	true
"s"b""	"s"x""	"s"b""	"s"o""	"s"x""	"s"o""	"s"b""	"s"x""	"s"b""	true
"s"b""	"s"x""	"s"b""	"s"o""	"s"x""	"s"b""	"s"o""	"s"x""	"s"b""	true
"s"b""	"s"x""	"s"b""	"s"o""	"s"x""	"s"b""	"s"b""	"s"x""	"s"o""	true
"s"b""	"s"x""	"s"b""	"s"b""	"s"x""	"s"o""	"s"o""	"s"x""	"s"b""	true
"s"b""	"s"x""	"s"b""	"s"b""	"s"x""	"s"o""	"s"b""	"s"x""	"s"o""	true
"s"b""	"s"x""	"s"b""	"s"b""	"s"x""	"s"b""	"s"o""	"s"x""	"s"o""	true
"s"b""	"s"o""	"s"x""	"s"x""	"s"x""	"s"x""	"s"o""	"s"o""	"s"b""	true
"s"b""	"s"o""	"s"x""	"s"x""	"s"x""	"s"x""	"s"o""	"s"b""	"s"o""	true
"s"b""	"s"o""	"s"x""	"s"x""	"s"x""	"s"x""	"s"b""	"s"o""	"s"o""	true
"s"b""	"s"o""	"s"x""	"s"x""	"s"x""	"s"o""	"s"x""	"s"o""	"s"b""	true
"s"b""	"s"o""	"s"x""	"s"x""	"s"x""	"s"o""	"s"x""	"s"b""	"s"o""	true
"s"b""	"s"o""	"s"x""	"s"x""	"s"x""	"s"b""	"s"x""	"s"o""	"s"o""	true
"s"b""	"s"o""	"s"x""	"s"x""	"s"o""	"s"x""	"s"o""	"s"b""	"s"x""	true
"s"b""	"s"o""	"s"x""	"s"x""	"s"b""	"s"x""	"s"o""	"s"o""	"s"x""	true
"s"b""	"s"o""	"s"x""	"s"o""	"s"x""	"s"x""	"s"x""	"s"o""	"s"b""	true
"s"b""	"s"o""	"s"x""	"s"o""	"s"x""	"s"x""	"s"x""	"s"b""	"s"o""	true
"s"b""	"s"o""	"s"x""	"s"o""	"s"x""	"s"x""	"s"o""	"s"b""	"s"x""	true
"s"b""	"s"o""	"s"x""	"s"o""	"s"x""	"s"x""	"s"b""	"s"o""	"s"x""	true
"s"b""	"s"o""	"s"x""	"s"o""	"s"x""	"s"o""	"s"x""	"s"x""	"s"b""	true
"s"b""	"s"o""	"s"x""	"s"o""	"s"x""	"s"o""	"s"x""	"s"b""	"s"x""	true
"s"b""	"s"o""	"s"x""	"s"o""	"s"x""	"s"b""	"s"x""	"s"x""	"s"o""	true
"s"b""	"s"o""	"s"x""	"s"o""	"s"x""	"s"b""	"s"x""	"s"o""	"s"x""	true
"s"b""	"s"o""	"s"x""	"s"o""	"s"x""	"s"b""	"s"x""	"s"b""	"s"b""	true
"s"b""	"s"o""	"s"x""	"s"o""	"s"o""	"s"x""	"s"x""	"s"b""	"s"x""	true
"s"b""	"s"o""	"s"x""	"s"o""	"s"o""	"s"x""	"s"b""	"s"x""	"s"x""	true
"s"b""	"s"o""	"s"x""	"s"o""	"s"o""	"s"b""	"s"x""	"s"x""	"s"x""	true
"s"b""	"s"o""	"s"x""	"s"o""	"s"b""	"s"x""	"s"x""	"s"o""	"s"x""	true
"s"b""	"s"o""	"s"x""	"s"o""	"s"b""	"s"x""	"s"o""	"s"x""	"s"x""	true
"s"b""	"s"o""	"s"x""	"s"o""	"s"b""	"s"x""	"s"b""	"s"b""	"s"x""	true
"s"b""	"s"o""	"s"x""	"s"o""	"s"b""	"s"o""	"s"x""	"s"x""	"s"x""	true
"s"b""	"s"o""	"s"x""	"s"b""	"s"x""	"s"x""	"s"x""	"s"o""	"s"o""	true
"s"b""	"s"o""	"s"x""	"s"b""	"s"x""	"s"x""	"s"o""	"s"o""	"s"x""	true
"s"b""	"s"o""	"s"x""	"s"b""	"s"x""	"s"o""	"s"x""	"s"x""	"s"o""	true
"s"b""	"s"o""	"s"x""	"s"b""	"s"x""	"s"o""	"s"x""	"s"o""	"s"x""	true
"s"b""	"s"o""	"s"x""	"s"b""	"s"x""	"s"o""	"s"x""	"s"b""	"s"b""	true
"s"b""	"s"o""	"s"x""	"s"b""	"s"x""	"s"b""	"s"x""	"s"o""	"s"b""	true
"s"b""	"s"o""	"s"x""	"s"b""	"s"x""	"s"b""	"s"x""	"s"b""	"s"o""	true
"s"b""	"s"o""	"s"x""	"s"b""	"s"o""	"s"x""	"s"o""	"s"x""	"s"x""	true
"s"b""	"s"o""	"s"x""	"s"b""	"s"o""	"s"x""	"s"b""	"s"b""	"s"x""	true
"s"b""	"s"o""	"s"x""	"s"b""	"s"o""	"s"o""	"s"x""	"s"x""	"s"x""	true
"s"b""	"s"o""	"s"x""	"s"b""	"s"b""	"s"x""	"s"o""	"s"b""	"s"x""	true
"s"b""	"s"o""	"s"x""	"s"b""	"s"b""	"s"x""	"s"b""	"s"o""	"s"x""	true
"s"b""	"s"o""	"s"o""	"s"x""	"s"x""	"s"x""	"s"x""	"s"o""	"s"b""	true
"s"b""	"s"o""	"s"o""	"s"x""	"s"x""	"s"x""	"s"x""	"s"b""	"s"o""	true
"s"b""	"s"o""	"s"o""	"s"x""	"s"x""	"s"x""	"s"o""	"s"x""	"s"b""	true
"s"b""	"s"o""	"s"o""	"s"x""	"s"x""	"s"x""	"s"o""	"s"b""	"s"x""	true
"s"b""	"s"o""	"s"o""	"s"x""	"s"x""	"s"x""	"s"b""	"s"x""	"s"o""	true
"s"b""	"s"o""	"s"o""	"s"x""	"s"x""	"s"x""	"s"b""	"s"o""	"s"x""	true
"s"b""	"s"o""	"s"o""	"s"x""	"s"x""	"s"x""	"s"b""	"s"b""	"s"b""	true
"s"b""	"s"o""	"s"o""	"s"x""	"s"o""	"s"b""	"s"x""	"s"x""	"s"x""	true
"s"b""	"s"o""	"s"o""	"s"x""	"s"b""	"s"o""	"s"x""	"s"x""	"s"x""	true
"s"b""	"s"o""	"s"o""	"s"o""	"s"x""	"s"b""	"s"x""	"s"x""	"s"x""	true
"s"b""	"s"o""	"s"o""	"s"o""	"s"b""	"s"x""	"s"x""	"s"x""	"s"x""	true
"s"b""	"s"o""	"s"o""	"s"b""	"s"x""	"s"o""	"s"x""	"s"x""	"s"x""	true
"s"b""	"s"o""	"s"o""	"s"b""	"s"o""	"s"x""	"s"x""	"s"x""	"s"x""	true
"s"b""	"s"o""	"s"o""	"s"b""	"s"b""	"s"b""	"s"x""	"s"x""	"s"x""	true
"s"b""	"s"o""	"s"b""	"s"x""	"s"x""	"s"x""	"s"x""	"s"o""	"s"o""	true
"s"b""	"s"o""	"s"b""	"s"x""	"s"x""	"s"x""	"s"o""	"s"x""	"s"o""	true
"s"b""	"s"o""	"s"b""	"s"x""	"s"x""	"s"x""	"s"o""	"s"o""	"s"x""	true
"s"b""	"s"o""	"s"b""	"s"x""	"s"x""	"s"x""	"s"o""	"s"b""	"s"b""	true
"s"b""	"s"o""	"s"b""	"s"x""	"s"x""	"s"x""	"s"b""	"s"o""	"s"b""	true
"s"b""	"s"o""	"s"b""	"s"x""	"s"x""	"s"x""	"s"b""	"s"b""	"s"o""	true
"s"b""	"s"o""	"s"b""	"s"x""	"s"o""	"s"o""	"s"x""	"s"x""	"s"x""	true
"s"b""	"s"o""	"s"b""	"s"o""	"s"x""	"s"o""	"s"x""	"s"x""	"s"x""	true
"s"b""	"s"o""	"s"b""	"s"o""	"s"o""	"s"x""	"s"x""	"s"x""	"s"x""	true
"s"b""	"s"o""	"s"b""	"s"o""	"s"b""	"s"b""	"s"x""	"s"x""	"s"x""	true
"s"b""	"s"o""	"s"b""	"s"b""	"s"o""	"s"b""	"s"x""	"s"x""	"s"x""	true
"s"b""	"s"o""	"s"b""	"s"b""	"s"b""	"s"o""	"s"x""	"s"x""	"s"x""	true
"s"b""	"s"b""	"s"x""	"s"x""	"s"x""	"s"o""	"s"x""	"s"o""	"s"o""	true
"s"b""	"s"b""	"s"x""	"s"x""	"s"o""	"s"x""	"s"o""	"s"o""	"s"x""	true
"s"b""	"s"b""	"s"x""	"s"o""	"s"x""	"s"x""	"s"x""	"s"o""	"s"o""	true
"s"b""	"s"b""	"s"x""	"s"o""	"s"x""	"s"x""	"s"o""	"s"o""	"s"x""	true
"s"b""	"s"b""	"s"x""	"s"o""	"s"x""	"s"o""	"s"x""	"s"x""	"s"o""	true
"s"b""	"s"b""	"s"x""	"s"o""	"s"x""	"s"o""	"s"x""	"s"o""	"s"x""	true
"s"b""	"s"b""	"s"x""	"s"o""	"s"x""	"s"o""	"s"x""	"s"b""	"s"b""	true
"s"b""	"s"b""	"s"x""	"s"o""	"s"x""	"s"b""	"s"x""	"s"o""	"s"b""	true
"s"b""	"s"b""	"s"x""	"s"o""	"s"x""	"s"b""	"s"x""	"s"b""	"s"o""	true
"s"b""	"s"b""	"s"x""	"s"o""	"s"o""	"s"x""	"s"x""	"s"o""	"s"x""	true
"s"b""	"s"b""	"s"x""	"s"o""	"s"o""	"s"x""	"s"o""	"s"x""	"s"x""	true
"s"b""	"s"b""	"s"x""	"s"o""	"s"o""	"s"x""	"s"b""	"s"b""	"s"x""	true
"s"b""	"s"b""	"s"x""	"s"o""	"s"b""	"s"x""	"s"o""	"s"b""	"s"x""	true
"s"b""	"s"b""	"s"x""	"s"o""	"s"b""	"s"x""	"s"b""	"s"o""	"s"x""	true
"s"b""	"s"b""	"s"x""	"s"b""	"s"x""	"s"o""	"s"x""	"s"o""	"s"b""	true
"s"b""	"s"b""	"s"x""	"s"b""	"s"x""	"s"o""	"s"x""	"s"b""	"s"o""	true
"s"b""	"s"b""	"s"x""	"s"b""	"s"x""	"s"b""	"s"x""	"s"o""	"s"o""	true
"s"b""	"s"b""	"s"x""	"s"b""	"s"o""	"s"x""	"s"o""	"s"b""	"s"x""	true
"s"b""	"s"b""	"s"x""	"s"b""	"s"o""	"s"x""	"s"b""	"s"o""	"s"x""	true
"s"b""	"s"b""	"s"x""	"s"b""	"s"b""	"s"x""	"s"o""	"s"o""	"s"x""	true
"s"b""	"s"b""	"s"o""	"s"x""	"s"x""	"s"x""	"s"x""	"s"o""	"s"o""	true
"s"b""	"s"b""	"s"o""	"s"x""	"s"x""	"s"x""	"s"o""	"s"x""	"s"o""	true
"s"b""	"s"b""	"s"o""	"s"x""	"s"x""	"s"x""	"s"o""	"s"o""	"s"x""	true
"s"b""	"s"b""	"s"o""	"s"x""	"s"x""	"s"x""	"s"o""	"s"b""	"s"b""	true
"s"b""	"s"b""	"s"o""	"s"x""	"s"x""	"s"x""	"s"b""	"s"o""	"s"b""	true
"s"b""	"s"b""	"s"o""	"s"x""	"s"x""	"s"x""	"s"b""	"s"b""	"s"o""	true
"s"b""	"s"b""	"s"o""	"s"x""	"s"o""	"s"o""	"s"x""	"s"x""	"s"x""	true
"s"b""	"s"b""	"s"o""	"s"o""	"s"x""	"s"o""	"s"x""	"s"x""	"s"x""	true
"s"b""	"s"b""	"s"o""	"s"o""	"s"o""	"s"x""	"s"x""	"s"x""	"s"x""	true
"s"b""	"s"b""	"s"o""	"s"o""	"s"b""	"s"b""	"s"x""	"s"x""	"s"x""	true
"s"b""	"s"b""	"s"o""	"s"b""	"s"o""	"s"b""	"s"x""	"s"x""	"s"x""	true
"s"b""	"s"b""	"s"o""	"s"b""	"s"b""	"s"o""	"s"x""	"s"x""	"s"x""	true
"s"b""	"s"b""	"s"b""	"s"x""	"s"x""	"s"x""	"s"o""	"s"o""	"s"b""	true
"s"b""	"s"b""	"s"b""	"s"x""	"s"x""	"s"x""	"s"o""	"s"b""	"s"o""	true
"s"b""	"s"b""	"s"b""	"s"x""	"s"x""	"s"x""	"s"b""	"s"o""	"s"o""	true
"s"b""	"s"b""	"s"b""	"s"o""	"s"o""	"s"b""	"s"x""	"s"x""	"s"x""	true
"s"b""	"s"b""	"s"b""	"s"o""	"s"b""	"s"o""	"s"x""	"s"x""	"s"x""	true
"s"b""	"s"b""	"s"b""	"s"b""	"s"o""	"s"o""	"s"x""	"s"x""	"s"x""	true
"s"x""	"s"x""	"s"o""	"s"x""	"s"x""	"s"o""	"s"o""	"s"b""	"s"o""	false
"s"x""	"s"x""	"s"o""	"s"x""	"s"x""	"s"o""	"s"b""	"s"o""	"s"o""	false
"s"x""	"s"x""	"s"o""	"s"x""	"s"x""	"s"b""	"s"o""	"s"o""	"s"o""	false
"s"x""	"s"x""	"s"o""	"s"x""	"s"o""	"s"x""	"s"o""	"s"o""	"s"b""	false
"s"x""	"s"x""	"s"o""	"s"x""	"s"o""	"s"x""	"s"o""	"s"b""	"s"o""	false
"s"x""	"s"x""	"s"o""	"s"x""	"s"o""	"s"o""	"s"o""	"s"x""	"s"b""	false
"s"x""	"s"x""	"s"o""	"s"x""	"s"o""	"s"o""	"s"o""	"s"b""	"s"x""	false
"s"x""	"s"x""	"s"o""	"s"x""	"s"o""	"s"o""	"s"b""	"s"x""	"s"o""	false
"s"x""	"s"x""	"s"o""	"s"x""	"s"o""	"s"b""	"s"o""	"s"x""	"s"o""	false
"s"x""	"s"x""	"s"o""	"s"x""	"s"o""	"s"b""	"s"o""	"s"o""	"s"x""	false
"s"x""	"s"x""	"s"o""	"s"x""	"s"o""	"s"b""	"s"o""	"s"b""	"s"b""	false
"s"x""	"s"x""	"s"o""	"s"x""	"s"b""	"s"x""	"s"o""	"s"o""	"s"o""	false
"s"x""	"s"x""	"s"o""	"s"x""	"s"b""	"s"o""	"s"o""	"s"x""	"s"o""	false
"s"x""	"s"x""	"s"o""	"s"x""	"s"b""	"s"o""	"s"b""	"s"b""	"s"o""	false
"s"x""	"s"x""	"s"o""	"s"o""	"s"x""	"s"o""	"s"x""	"s"b""	"s"o""	false
"s"x""	"s"x""	"s"o""	"s"o""	"s"o""	"s"x""	"s"o""	"s"x""	"s"b""	false
"s"x""	"s"x""	"s"o""	"s"o""	"s"o""	"s"x""	"s"o""	"s"b""	"s"x""	false
"s"x""	"s"x""	"s"o""	"s"o""	"s"o""	"s"o""	"s"x""	"s"x""	"s"b""	false
"s"x""	"s"x""	"s"o""	"s"o""	"s"o""	"s"o""	"s"x""	"s"b""	"s"x""	false
"s"x""	"s"x""	"s"o""	"s"o""	"s"o""	"s"o""	"s"b""	"s"x""	"s"x""	false
"s"x""	"s"x""	"s"o""	"s"o""	"s"o""	"s"b""	"s"o""	"s"x""	"s"x""	false
"s"x""	"s"x""	"s"o""	"s"o""	"s"b""	"s"o""	"s"x""	"s"x""	"s"o""	false
"s"x""	"s"x""	"s"o""	"s"b""	"s"x""	"s"x""	"s"o""	"s"o""	"s"o""	false
"s"x""	"s"x""	"s"o""	"s"b""	"s"x""	"s"o""	"s"x""	"s"o""	"s"o""	false
"s"x""	"s"x""	"s"o""	"s"b""	"s"x""	"s"o""	"s"b""	"s"b""	"s"o""	false
"s"x""	"s"x""	"s"o""	"s"b""	"s"o""	"s"x""	"s"o""	"s"x""	"s"o""	false
"s"x""	"s"x""	"s"o""	"s"b""	"s"o""	"s"x""	"s"o""	"s"o""	"s"x""	false
"s"x""	"s"x""	"s"o""	"s"b""	"s"o""	"s"x""	"s"o""	"s"b""	"s"b""	false
"s"x""	"s"x""	"s"o""	"s"b""	"s"o""	"s"o""	"s"x""	"s"x""	"s"o""	false
"s"x""	"s"x""	"s"o""	"s"b""	"s"o""	"s"o""	"s"o""	"s"x""	"s"x""	false
"s"x""	"s"x""	"s"o""	"s"b""	"s"o""	"s"b""	"s"o""	"s"x""	"s"b""	false
"s"x""	"s"x""	"s"o""	"s"b""	"s"o""	"s"b""	"s"o""	"s"b""	"s"x""	false
"s"x""	"s"x""	"s"o""	"s"b""	"s"b""	"s"o""	"s"x""	"s"b""	"s"o""	false
"s"x""	"s"x""	"s"o""	"s"b""	"s"b""	"s"o""	"s"b""	"s"x""	"s"o""	false
"s"x""	"s"x""	"s"b""	"s"x""	"s"x""	"s"o""	"s"o""	"s"o""	"s"o""	false
"s"x""	"s"x""	"s"b""	"s"x""	"s"o""	"s"x""	"s"o""	"s"o""	"s"o""	false
"s"x""	"s"x""	"s"b""	"s"x""	"s"b""	"s"b""	"s"o""	"s"o""	"s"o""	false
"s"x""	"s"x""	"s"b""	"s"o""	"s"x""	"s"x""	"s"o""	"s"o""	"s"o""	false
"s"x""	"s"x""	"s"b""	"s"o""	"s"o""	"s"o""	"s"x""	"s"x""	"s"o""	false
"s"x""	"s"x""	"s"b""	"s"o""	"s"o""	"s"o""	"s"x""	"s"o""	"s"x""	false
"s"x""	"s"x""	"s"b""	"s"o""	"s"o""	"s"o""	"s"x""	"s"b""	"s"b""	false
"s"x""	"s"x""	"s"b""	"s"o""	"s"o""	"s"o""	"s"o""	"s"x""	"s"x""	false
"s"x""	"s"x""	"s"b""	"s"o""	"s"o""	"s"o""	"s"b""	"s"x""	"s"b""	false
"s"x""	"s"x""	"s"b""	"s"o""	"s"o""	"s"o""	"s"b""	"s"b""	"s"x""	false
"s"x""	"s"x""	"s"b""	"s"b""	"s"x""	"s"b""	"s"o""	"s"o""	"s"o""	false
"s"x""	"s"x""	"s"b""	"s"b""	"s"b""	"s"x""	"s"o""	"s"o""	"s"o""	false
"s"x""	"s"o""	"s"x""	"s"x""	"s"x""	"s"b""	"s"o""	"s"o""	"s"o""	false
"s"x""	"s"o""	"s"x""	"s"x""	"s"o""	"s"x""	"s"o""	"s"o""	"s"b""	false
"s"x""	"s"o""	"s"x""	"s"x""	"s"o""	"s"x""	"s"b""	"s"o""	"s"o""	false
"s"x""	"s"o""	"s"x""	"s"x""	"s"o""	"s"o""	"s"b""	"s"o""	"s"x""	false
"s"x""	"s"o""	"s"x""	"s"x""	"s"o""	"s"b""	"s"o""	"s"o""	"s"x""	false
"s"x""	"s"o""	"s"x""	"s"x""	"s"o""	"s"b""	"s"b""	"s"o""	"s"b""	false
"s"x""	"s"o""	"s"x""	"s"x""	"s"b""	"s"x""	"s"o""	"s"o""	"s"o""	false
"s"x""	"s"o""	"s"x""	"s"o""	"s"o""	"s"x""	"s"x""	"s"o""	"s"b""	false
"s"x""	"s"o""	"s"x""	"s"o""	"s"o""	"s"o""	"s"x""	"s"x""	"s"b""	false
"s"x""	"s"o""	"s"x""	"s"o""	"s"o""	"s"o""	"s"x""	"s"b""	"s"x""	false
"s"x""	"s"o""	"s"x""	"s"o""	"s"o""	"s"o""	"s"b""	"s"x""	"s"x""	false
"s"x""	"s"o""	"s"x""	"s"o""	"s"o""	"s"b""	"s"x""	"s"o""	"s"x""	false
"s"x""	"s"o""	"s"x""	"s"b""	"s"x""	"s"x""	"s"o""	"s"o""	"s"o""	false
"s"x""	"s"o""	"s"x""	"s"b""	"s"o""	"s"x""	"s"x""	"s"o""	"s"o""	false
"s"x""	"s"o""	"s"x""	"s"b""	"s"o""	"s"x""	"s"b""	"s"o""	"s"b""	false
"s"x""	"s"o""	"s"x""	"s"b""	"s"o""	"s"o""	"s"x""	"s"o""	"s"x""	false
"s"x""	"s"o""	"s"x""	"s"b""	"s"o""	"s"b""	"s"x""	"s"o""	"s"b""	false
"s"x""	"s"o""	"s"x""	"s"b""	"s"o""	"s"b""	"s"b""	"s"o""	"s"x""	false
"s"x""	"s"o""	"s"o""	"s"x""	"s"x""	"s"o""	"s"b""	"s"x""	"s"o""	false
"s"x""	"s"o""	"s"o""	"s"x""	"s"o""	"s"x""	"s"o""	"s"x""	"s"b""	false
"s"x""	"s"o""	"s"o""	"s"x""	"s"o""	"s"x""	"s"o""	"s"b""	"s"x""	false
"s"x""	"s"o""	"s"o""	"s"x""	"s"o""	"s"x""	"s"b""	"s"o""	"s"x""	false
"s"x""	"s"o""	"s"o""	"s"x""	"s"o""	"s"b""	"s"o""	"s"x""	"s"x""	false
"s"x""	"s"o""	"s"o""	"s"b""	"s"x""	"s"o""	"s"x""	"s"x""	"s"o""	false
"s"x""	"s"o""	"s"o""	"s"b""	"s"o""	"s"x""	"s"x""	"s"o""	"s"x""	false
"s"x""	"s"o""	"s"o""	"s"b""	"s"o""	"s"x""	"s"o""	"s"x""	"s"x""	false
"s"x""	"s"o""	"s"b""	"s"x""	"s"o""	"s"x""	"s"o""	"s"o""	"s"x""	false
"s"x""	"s"o""	"s"b""	"s"x""	"s"o""	"s"x""	"s"b""	"s"o""	"s"b""	false
"s"x""	"s"o""	"s"b""	"s"x""	"s"o""	"s"b""	"s"b""	"s"o""	"s"x""	false
"s"x""	"s"o""	"s"b""	"s"o""	"s"o""	"s"x""	"s"x""	"s"o""	"s"x""	false
"s"x""	"s"o""	"s"b""	"s"b""	"s"o""	"s"x""	"s"x""	"s"o""	"s"b""	false
"s"x""	"s"o""	"s"b""	"s"b""	"s"o""	"s"x""	"s"b""	"s"o""	"s"x""	false
"s"x""	"s"o""	"s"b""	"s"b""	"s"o""	"s"b""	"s"x""	"s"o""	"s"x""	false
"s"x""	"s"b""	"s"x""	"s"x""	"s"x""	"s"o""	"s"o""	"s"o""	"s"o""	false
"s"x""	"s"b""	"s"x""	"s"x""	"s"o""	"s"x""	"s"o""	"s"o""	"s"o""	false
"s"x""	"s"b""	"s"x""	"s"x""	"s"b""	"s"b""	"s"o""	"s"o""	"s"o""	false
"s"x""	"s"b""	"s"x""	"s"o""	"s"x""	"s"x""	"s"o""	"s"o""	"s"o""	false
"s"x""	"s"b""	"s"x""	"s"o""	"s"o""	"s"o""	"s"x""	"s"x""	"s"o""	false
"s"x""	"s"b""	"s"x""	"s"o""	"s"o""	"s"o""	"s"x""	"s"o""	"s"x""	false
"s"x""	"s"b""	"s"x""	"s"o""	"s"o""	"s"o""	"s"x""	"s"b""	"s"b""	false
"s"x""	"s"b""	"s"x""	"s"o""	"s"o""	"s"o""	"s"o""	"s"x""	"s"x""	false
"s"x""	"s"b""	"s"x""	"s"o""	"s"o""	"s"o""	"s"b""	"s"x""	"s"b""	false
"s"x""	"s"b""	"s"x""	"s"o""	"s"o""	"s"o""	"s"b""	"s"b""	"s"x""	false
"s"x""	"s"b""	"s"x""	"s"b""	"s"x""	"s"b""	"s"o""	"s"o""	"s"o""	false
"s"x""	"s"b""	"s"x""	"s"b""	"s"b""	"s"x""	"s"o""	"s"o""	"s"o""	false
"s"x""	"s"b""	"s"o""	"s"x""	"s"x""	"s"o""	"s"o""	"s"x""	"s"o""	false
"s"x""	"s"b""	"s"o""	"s"x""	"s"x""	"s"o""	"s"b""	"s"b""	"s"o""	false
"s"x""	"s"b""	"s"o""	"s"x""	"s"o""	"s"x""	"s"o""	"s"x""	"s"o""	false
"s"x""	"s"b""	"s"o""	"s"x""	"s"o""	"s"x""	"s"o""	"s"o""	"s"x""	false
"s"x""	"s"b""	"s"o""	"s"x""	"s"o""	"s"x""	"s"o""	"s"b""	"s"b""	false
"s"x""	"s"b""	"s"o""	"s"x""	"s"o""	"s"o""	"s"o""	"s"x""	"s"x""	false
"s"x""	"s"b""	"s"o""	"s"x""	"s"o""	"s"b""	"s"o""	"s"x""	"s"b""	false
"s"x""	"s"b""	"s"o""	"s"x""	"s"o""	"s"b""	"s"o""	"s"b""	"s"x""	false
"s"x""	"s"b""	"s"o""	"s"x""	"s"b""	"s"o""	"s"b""	"s"x""	"s"o""	false
"s"x""	"s"b""	"s"o""	"s"o""	"s"x""	"s"o""	"s"x""	"s"x""	"s"o""	false
"s"x""	"s"b""	"s"o""	"s"o""	"s"o""	"s"x""	"s"o""	"s"x""	"s"x""	false
"s"x""	"s"b""	"s"o""	"s"b""	"s"x""	"s"o""	"s"x""	"s"b""	"s"o""	false
"s"x""	"s"b""	"s"o""	"s"b""	"s"x""	"s"o""	"s"b""	"s"x""	"s"o""	false
"s"x""	"s"b""	"s"o""	"s"b""	"s"o""	"s"x""	"s"o""	"s"x""	"s"b""	false
"s"x""	"s"b""	"s"o""	"s"b""	"s"o""	"s"x""	"s"o""	"s"b""	"s"x""	false
"s"x""	"s"b""	"s"o""	"s"b""	"s"o""	"s"b""	"s"o""	"s"x""	"s"x""	false
"s"x""	"s"b""	"s"o""	"s"b""	"s"b""	"s"o""	"s"x""	"s"x""	"s"o""	false
"s"x""	"s"b""	"s"b""	"s"x""	"s"x""	"s"b""	"s"o""	"s"o""	"s"o""	false
"s"x""	"s"b""	"s"b""	"s"x""	"s"b""	"s"x""	"s"o""	"s"o""	"s"o""	false
"s"x""	"s"b""	"s"b""	"s"o""	"s"o""	"s"o""	"s"x""	"s"x""	"s"b""	false
"s"x""	"s"b""	"s"b""	"s"o""	"s"o""	"s"o""	"s"x""	"s"b""	"s"x""	false
"s"x""	"s"b""	"s"b""	"s"o""	"s"o""	"s"o""	"s"b""	"s"x""	"s"x""	false
"s"x""	"s"b""	"s"b""	"s"b""	"s"x""	"s"x""	"s"o""	"s"o""	"s"o""	false
"s"o""	"s"x""	"s"x""	"s"x""	"s"x""	"s"b""	"s"o""	"s"o""	"s"o""	false
"s"o""	"s"x""	"s"x""	"s"x""	"s"o""	"s"x""	"s"o""	"s"b""	"s"o""	false
"s"o""	"s"x""	"s"x""	"s"x""	"s"o""	"s"x""	"s"b""	"s"o""	"s"o""	false
"s"o""	"s"x""	"s"x""	"s"x""	"s"o""	"s"o""	"s"x""	"s"b""	"s"o""	false
"s"o""	"s"x""	"s"x""	"s"x""	"s"o""	"s"o""	"s"b""	"s"x""	"s"o""	false
"s"o""	"s"x""	"s"x""	"s"x""	"s"o""	"s"b""	"s"x""	"s"o""	"s"o""	false
"s"o""	"s"x""	"s"x""	"s"x""	"s"o""	"s"b""	"s"o""	"s"x""	"s"o""	false
"s"o""	"s"x""	"s"x""	"s"x""	"s"o""	"s"b""	"s"b""	"s"b""	"s"o""	false
"s"o""	"s"x""	"s"x""	"s"x""	"s"b""	"s"x""	"s"o""	"s"o""	"s"o""	false
"s"o""	"s"x""	"s"x""	"s"o""	"s"x""	"s"x""	"s"o""	"s"o""	"s"b""	false
"s"o""	"s"x""	"s"x""	"s"o""	"s"x""	"s"x""	"s"o""	"s"b""	"s"o""	false
"s"o""	"s"x""	"s"x""	"s"o""	"s"x""	"s"o""	"s"o""	"s"b""	"s"x""	false
"s"o""	"s"x""	"s"x""	"s"o""	"s"x""	"s"b""	"s"o""	"s"o""	"s"x""	false
"s"o""	"s"x""	"s"x""	"s"o""	"s"x""	"s"b""	"s"o""	"s"b""	"s"b""	false
"s"o""	"s"x""	"s"x""	"s"o""	"s"o""	"s"x""	"s"x""	"s"b""	"s"o""	false
"s"o""	"s"x""	"s"x""	"s"o""	"s"o""	"s"x""	"s"o""	"s"x""	"s"b""	false
"s"o""	"s"x""	"s"x""	"s"o""	"s"o""	"s"x""	"s"b""	"s"x""	"s"o""	false
"s"o""	"s"x""	"s"x""	"s"o""	"s"o""	"s"o""	"s"x""	"s"x""	"s"b""	false
"s"o""	"s"x""	"s"x""	"s"o""	"s"o""	"s"o""	"s"x""	"s"b""	"s"x""	false
"s"o""	"s"x""	"s"x""	"s"o""	"s"o""	"s"o""	"s"b""	"s"x""	"s"x""	false
"s"o""	"s"x""	"s"x""	"s"o""	"s"o""	"s"b""	"s"x""	"s"x""	"s"o""	false
"s"o""	"s"x""	"s"x""	"s"o""	"s"o""	"s"b""	"s"o""	"s"x""	"s"x""	false
"s"o""	"s"x""	"s"x""	"s"o""	"s"b""	"s"x""	"s"o""	"s"x""	"s"o""	false
"s"o""	"s"x""	"s"x""	"s"o""	"s"b""	"s"x""	"s"o""	"s"b""	"s"b""	false
"s"o""	"s"x""	"s"x""	"s"o""	"s"b""	"s"o""	"s"o""	"s"x""	"s"x""	false
"s"o""	"s"x""	"s"x""	"s"o""	"s"b""	"s"b""	"s"o""	"s"x""	"s"b""	false
"s"o""	"s"x""	"s"x""	"s"o""	"s"b""	"s"b""	"s"o""	"s"b""	"s"x""	false
"s"o""	"s"x""	"s"x""	"s"b""	"s"x""	"s"x""	"s"o""	"s"o""	"s"o""	false
"s"o""	"s"x""	"s"x""	"s"b""	"s"o""	"s"x""	"s"x""	"s"o""	"s"o""	false
"s"o""	"s"x""	"s"x""	"s"b""	"s"o""	"s"x""	"s"o""	"s"x""	"s"o""	false
"s"o""	"s"x""	"s"x""	"s"b""	"s"o""	"s"x""	"s"b""	"s"b""	"s"o""	false
"s"o""	"s"x""	"s"x""	"s"b""	"s"o""	"s"o""	"s"x""	"s"x""	"s"o""	false
"s"o""	"s"x""	"s"x""	"s"b""	"s"o""	"s"b""	"s"x""	"s"b""	"s"o""	false
"s"o""	"s"x""	"s"x""	"s"b""	"s"o""	"s"b""	"s"b""	"s"x""	"s"o""	false
"s"o""	"s"x""	"s"o""	"s"x""	"s"x""	"s"o""	"s"x""	"s"b""	"s"o""	false
"s"o""	"s"x""	"s"o""	"s"x""	"s"o""	"s"x""	"s"x""	"s"b""	"s"o""	false
"s"o""	"s"x""	"s"o""	"s"x""	"s"o""	"s"x""	"s"o""	"s"x""	"s"b""	false
"s"o""	"s"x""	"s"o""	"s"x""	"s"o""	"s"x""	"s"o""	"s"b""	"s"x""	false
"s"o""	"s"x""	"s"o""	"s"x""	"s"o""	"s"x""	"s"b""	"s"x""	"s"o""	false
"s"o""	"s"x""	"s"o""	"s"x""	"s"o""	"s"b""	"s"x""	"s"x""	"s"o""	false
"s"o""	"s"x""	"s"o""	"s"x""	"s"o""	"s"b""	"s"o""	"s"x""	"s"x""	false
"s"o""	"s"x""	"s"o""	"s"x""	"s"b""	"s"o""	"s"x""	"s"x""	"s"o""	false
"s"o""	"s"x""	"s"o""	"s"o""	"s"x""	"s"x""	"s"o""	"s"b""	"s"x""	false
"s"o""	"s"x""	"s"o""	"s"o""	"s"b""	"s"x""	"s"o""	"s"x""	"s"x""	false
"s"o""	"s"x""	"s"o""	"s"b""	"s"o""	"s"x""	"s"x""	"s"x""	"s"o""	false
"s"o""	"s"x""	"s"o""	"s"b""	"s"o""	"s"x""	"s"o""	"s"x""	"s"x""	false
"s"o""	"s"x""	"s"b""	"s"x""	"s"o""	"s"x""	"s"x""	"s"o""	"s"o""	false
"s"o""	"s"x""	"s"b""	"s"x""	"s"o""	"s"x""	"s"o""	"s"x""	"s"o""	false
"s"o""	"s"x""	"s"b""	"s"x""	"s"o""	"s"x""	"s"b""	"s"b""	"s"o""	false
"s"o""	"s"x""	"s"b""	"s"x""	"s"o""	"s"o""	"s"x""	"s"x""	"s"o""	false
"s"o""	"s"x""	"s"b""	"s"x""	"s"o""	"s"b""	"s"x""	"s"b""	"s"o""	false
"s"o""	"s"x""	"s"b""	"s"x""	"s"o""	"s"b""	"s"b""	"s"x""	"s"o""	false
"s"o""	"s"x""	"s"b""	"s"o""	"s"x""	"s"x""	"s"o""	"s"o""	"s"x""	false
"s"o""	"s"x""	"s"b""	"s"o""	"s"x""	"s"x""	"s"o""	"s"b""	"s"b""	false
"s"o""	"s"x""	"s"b""	"s"o""	"s"x""	"s"b""	"s"o""	"s"b""	"s"x""	false
"s"o""	"s"x""	"s"b""	"s"o""	"s"o""	"s"x""	"s"x""	"s"x""	"s"o""	false
"s"o""	"s"x""	"s"b""	"s"o""	"s"o""	"s"x""	"s"o""	"s"x""	"s"x""	false
"s"o""	"s"x""	"s"b""	"s"o""	"s"b""	"s"x""	"s"o""	"s"x""	"s"b""	false
"s"o""	"s"x""	"s"b""	"s"o""	"s"b""	"s"x""	"s"o""	"s"b""	"s"x""	false
"s"o""	"s"x""	"s"b""	"s"o""	"s"b""	"s"b""	"s"o""	"s"x""	"s"x""	false
"s"o""	"s"x""	"s"b""	"s"b""	"s"o""	"s"x""	"s"x""	"s"b""	"s"o""	false
"s"o""	"s"x""	"s"b""	"s"b""	"s"o""	"s"x""	"s"b""	"s"x""	"s"o""	false
"s"o""	"s"x""	"s"b""	"s"b""	"s"o""	"s"b""	"s"x""	"s"x""	"s"o""	false
"s"o""	"s"o""	"s"x""	"s"x""	"s"o""	"s"x""	"s"x""	"s"o""	"s"b""	false
"s"o""	"s"o""	"s"x""	"s"x""	"s"o""	"s"x""	"s"x""	"s"b""	"s"o""	false
"s"o""	"s"o""	"s"x""	"s"x""	"s"o""	"s"x""	"s"b""	"s"x""	"s"o""	false
"s"o""	"s"o""	"s"x""	"s"x""	"s"o""	"s"b""	"s"x""	"s"x""	"s"o""	false
"s"o""	"s"o""	"s"x""	"s"x""	"s"o""	"s"b""	"s"x""	"s"o""	"s"x""	false
"s"o""	"s"o""	"s"x""	"s"o""	"s"x""	"s"x""	"s"o""	"s"x""	"s"b""	false
"s"o""	"s"o""	"s"x""	"s"o""	"s"x""	"s"b""	"s"o""	"s"x""	"s"x""	false
"s"o""	"s"o""	"s"x""	"s"b""	"s"o""	"s"x""	"s"x""	"s"x""	"s"o""	false
"s"o""	"s"o""	"s"o""	"s"x""	"s"x""	"s"o""	"s"x""	"s"x""	"s"b""	false
"s"o""	"s"o""	"s"o""	"s"x""	"s"x""	"s"o""	"s"x""	"s"b""	"s"x""	false
"s"o""	"s"o""	"s"o""	"s"x""	"s"x""	"s"o""	"s"b""	"s"x""	"s"x""	false
"s"o""	"s"o""	"s"o""	"s"x""	"s"x""	"s"b""	"s"x""	"s"x""	"s"o""	false
"s"o""	"s"o""	"s"o""	"s"x""	"s"x""	"s"b""	"s"x""	"s"o""	"s"x""	false
"s"o""	"s"o""	"s"o""	"s"x""	"s"x""	"s"b""	"s"x""	"s"b""	"s"b""	false
"s"o""	"s"o""	"s"o""	"s"x""	"s"x""	"s"b""	"s"o""	"s"x""	"s"x""	false
"s"o""	"s"o""	"s"o""	"s"x""	"s"x""	"s"b""	"s"b""	"s"x""	"s"b""	false
"s"o""	"s"o""	"s"o""	"s"x""	"s"x""	"s"b""	"s"b""	"s"b""	"s"x""	false
"s"o""	"s"o""	"s"o""	"s"x""	"s"o""	"s"x""	"s"x""	"s"x""	"s"b""	false
"s"o""	"s"o""	"s"o""	"s"x""	"s"o""	"s"x""	"s"x""	"s"b""	"s"x""	false
"s"o""	"s"o""	"s"o""	"s"x""	"s"o""	"s"x""	"s"b""	"s"x""	"s"x""	false
"s"o""	"s"o""	"s"o""	"s"x""	"s"b""	"s"x""	"s"x""	"s"x""	"s"o""	false
"s"o""	"s"o""	"s"o""	"s"x""	"s"b""	"s"x""	"s"x""	"s"o""	"s"x""	false
"s"o""	"s"o""	"s"o""	"s"x""	"s"b""	"s"x""	"s"x""	"s"b""	"s"b""	false
"s"o""	"s"o""	"s"o""	"s"x""	"s"b""	"s"x""	"s"o""	"s"x""	"s"x""	false
"s"o""	"s"o""	"s"o""	"s"x""	"s"b""	"s"x""	"s"b""	"s"x""	"s"b""	false
"s"o""	"s"o""	"s"o""	"s"x""	"s"b""	"s"x""	"s"b""	"s"b""	"s"x""	false
"s"o""	"s"o""	"s"o""	"s"x""	"s"b""	"s"b""	"s"x""	"s"x""	"s"b""	false
"s"o""	"s"o""	"s"o""	"s"x""	"s"b""	"s"b""	"s"x""	"s"b""	"s"x""	false
"s"o""	"s"o""	"s"o""	"s"x""	"s"b""	"s"b""	"s"b""	"s"x""	"s"x""	false
"s"o""	"s"o""	"s"o""	"s"o""	"s"x""	"s"x""	"s"x""	"s"x""	"s"b""	false
"s"o""	"s"o""	"s"o""	"s"o""	"s"x""	"s"x""	"s"x""	"s"b""	"s"x""	false
"s"o""	"s"o""	"s"o""	"s"o""	"s"x""	"s"x""	"s"b""	"s"x""	"s"x""	false
"s"o""	"s"o""	"s"o""	"s"b""	"s"x""	"s"x""	"s"x""	"s"x""	"s"o""	false
"s"o""	"s"o""	"s"o""	"s"b""	"s"x""	"s"x""	"s"x""	"s"o""	"s"x""	false
"s"o""	"s"o""	"s"o""	"s"b""	"s"x""	"s"x""	"s"x""	"s"b""	"s"b""	false
"s"o""	"s"o""	"s"o""	"s"b""	"s"x""	"s"x""	"s"o""	"s"x""	"s"x""	false
"s"o""	"s"o""	"s"o""	"s"b""	"s"x""	"s"x""	"s"b""	"s"x""	"s"b""	false
"s"o""	"s"o""	"s"o""	"s"b""	"s"x""	"s"x""	"s"b""	"s"b""	"s"x""	false
"s"o""	"s"o""	"s"o""	"s"b""	"s"x""	"s"b""	"s"x""	"s"x""	"s"b""	false
"s"o""	"s"o""	"s"o""	"s"b""	"s"x""	"s"b""	"s"x""	"s"b""	"s"x""	false
"s"o""	"s"o""	"s"o""	"s"b""	"s"x""	"s"b""	"s"b""	"s"x""	"s"x""	false
"s"o""	"s"o""	"s"o""	"s"b""	"s"b""	"s"x""	"s"x""	"s"x""	"s"b""	false
"s"o""	"s"o""	"s"o""	"s"b""	"s"b""	"s"x""	"s"x""	"s"b""	"s"x""	false
"s"o""	"s"o""	"s"o""	"s"b""	"s"b""	"s"x""	"s"b""	"s"x""	"s"x""	false
"s"o""	"s"o""	"s"b""	"s"x""	"s"o""	"s"x""	"s"x""	"s"x""	"s"o""	false
"s"o""	"s"o""	"s"b""	"s"x""	"s"o""	"s"x""	"s"x""	"s"o""	"s"x""	false
"s"o""	"s"o""	"s"b""	"s"o""	"s"x""	"s"x""	"s"o""	"s"x""	"s"x""	false
"s"o""	"s"b""	"s"x""	"s"x""	"s"o""	"s"x""	"s"x""	"s"o""	"s"o""	false
"s"o""	"s"b""	"s"x""	"s"x""	"s"o""	"s"x""	"s"o""	"s"x""	"s"o""	false
"s"o""	"s"b""	"s"x""	"s"x""	"s"o""	"s"x""	"s"b""	"s"b""	"s"o""	false
"s"o""	"s"b""	"s"x""	"s"x""	"s"o""	"s"o""	"s"x""	"s"x""	"s"o""	false
"s"o""	"s"b""	"s"x""	"s"x""	"s"o""	"s"b""	"s"x""	"s"b""	"s"o""	false
"s"o""	"s"b""	"s"x""	"s"x""	"s"o""	"s"b""	"s"b""	"s"x""	"s"o""	false
"s"o""	"s"b""	"s"x""	"s"o""	"s"x""	"s"x""	"s"o""	"s"x""	"s"o""	false
"s"o""	"s"b""	"s"x""	"s"o""	"s"x""	"s"x""	"s"o""	"s"b""	"s"b""	false
"s"o""	"s"b""	"s"x""	"s"o""	"s"x""	"s"o""	"s"o""	"s"x""	"s"x""	false
"s"o""	"s"b""	"s"x""	"s"o""	"s"x""	"s"b""	"s"o""	"s"x""	"s"b""	false
"s"o""	"s"b""	"s"x""	"s"o""	"s"x""	"s"b""	"s"o""	"s"b""	"s"x""	false
"s"o""	"s"b""	"s"x""	"s"o""	"s"o""	"s"x""	"s"x""	"s"x""	"s"o""	false
"s"o""	"s"b""	"s"x""	"s"o""	"s"b""	"s"x""	"s"o""	"s"x""	"s"b""	false
"s"o""	"s"b""	"s"x""	"s"o""	"s"b""	"s"b""	"s"o""	"s"x""	"s"x""	false
"s"o""	"s"b""	"s"x""	"s"b""	"s"o""	"s"x""	"s"x""	"s"b""	"s"o""	false
"s"o""	"s"b""	"s"x""	"s"b""	"s"o""	"s"x""	"s"b""	"s"x""	"s"o""	false
"s"o""	"s"b""	"s"x""	"s"b""	"s"o""	"s"b""	"s"x""	"s"x""	"s"o""	false
"s"o""	"s"b""	"s"o""	"s"x""	"s"x""	"s"o""	"s"x""	"s"x""	"s"o""	false
"s"o""	"s"b""	"s"o""	"s"x""	"s"o""	"s"x""	"s"x""	"s"x""	"s"o""	false
"s"o""	"s"b""	"s"o""	"s"x""	"s"o""	"s"x""	"s"o""	"s"x""	"s"x""	false
"s"o""	"s"b""	"s"o""	"s"o""	"s"x""	"s"x""	"s"o""	"s"x""	"s"x""	false
"s"o""	"s"b""	"s"b""	"s"x""	"s"o""	"s"x""	"s"x""	"s"b""	"s"o""	false
"s"o""	"s"b""	"s"b""	"s"x""	"s"o""	"s"x""	"s"b""	"s"x""	"s"o""	false
"s"o""	"s"b""	"s"b""	"s"x""	"s"o""	"s"b""	"s"x""	"s"x""	"s"o""	false
"s"o""	"s"b""	"s"b""	"s"o""	"s"x""	"s"x""	"s"o""	"s"x""	"s"b""	false
"s"o""	"s"b""	"s"b""	"s"o""	"s"x""	"s"x""	"s"o""	"s"b""	"s"x""	false
"s"o""	"s"b""	"s"b""	"s"o""	"s"x""	"s"b""	"s"o""	"s"x""	"s"x""	false
"s"o""	"s"b""	"s"b""	"s"o""	"s"b""	"s"x""	"s"o""	"s"x""	"s"x""	false
"s"o""	"s"b""	"s"b""	"s"b""	"s"o""	"s"x""	"s"x""	"s"x""	"s"o""	false
"s"b""	"s"x""	"s"x""	"s"x""	"s"x""	"s"o""	"s"o""	"s"o""	"s"o""	false
"s"b""	"s"x""	"s"x""	"s"x""	"s"o""	"s"x""	"s"o""	"s"o""	"s"o""	false
"s"b""	"s"x""	"s"x""	"s"x""	"s"b""	"s"b""	"s"o""	"s"o""	"s"o""	false
"s"b""	"s"x""	"s"x""	"s"o""	"s"x""	"s"x""	"s"o""	"s"o""	"s"o""	false
"s"b""	"s"x""	"s"x""	"s"o""	"s"o""	"s"o""	"s"x""	"s"x""	"s"o""	false
"s"b""	"s"x""	"s"x""	"s"o""	"s"o""	"s"o""	"s"x""	"s"o""	"s"x""	false
"s"b""	"s"x""	"s"x""	"s"o""	"s"o""	"s"o""	"s"x""	"s"b""	"s"b""	false
"s"b""	"s"x""	"s"x""	"s"o""	"s"o""	"s"o""	"s"o""	"s"x""	"s"x""	false
"s"b""	"s"x""	"s"x""	"s"o""	"s"o""	"s"o""	"s"b""	"s"x""	"s"b""	false
"s"b""	"s"x""	"s"x""	"s"o""	"s"o""	"s"o""	"s"b""	"s"b""	"s"x""	false
"s"b""	"s"x""	"s"x""	"s"b""	"s"x""	"s"b""	"s"o""	"s"o""	"s"o""	false
"s"b""	"s"x""	"s"x""	"s"b""	"s"b""	"s"x""	"s"o""	"s"o""	"s"o""	false
"s"b""	"s"x""	"s"o""	"s"x""	"s"x""	"s"o""	"s"x""	"s"o""	"s"o""	false
"s"b""	"s"x""	"s"o""	"s"x""	"s"x""	"s"o""	"s"b""	"s"b""	"s"o""	false
"s"b""	"s"x""	"s"o""	"s"x""	"s"o""	"s"x""	"s"o""	"s"x""	"s"o""	false
"s"b""	"s"x""	"s"o""	"s"x""	"s"o""	"s"x""	"s"o""	"s"o""	"s"x""	false
"s"b""	"s"x""	"s"o""	"s"x""	"s"o""	"s"x""	"s"o""	"s"b""	"s"b""	false
"s"b""	"s"x""	"s"o""	"s"x""	"s"o""	"s"o""	"s"x""	"s"x""	"s"o""	false
"s"b""	"s"x""	"s"o""	"s"x""	"s"o""	"s"o""	"s"o""	"s"x""	"s"x""	false
"s"b""	"s"x""	"s"o""	"s"x""	"s"o""	"s"b""	"s"o""	"s"x""	"s"b""	false
"s"b""	"s"x""	"s"o""	"s"x""	"s"o""	"s"b""	"s"o""	"s"b""	"s"x""	false
"s"b""	"s"x""	"s"o""	"s"x""	"s"b""	"s"o""	"s"x""	"s"b""	"s"o""	false
"s"b""	"s"x""	"s"o""	"s"x""	"s"b""	"s"o""	"s"b""	"s"x""	"s"o""	false
"s"b""	"s"x""	"s"o""	"s"o""	"s"o""	"s"x""	"s"o""	"s"x""	"s"x""	false
"s"b""	"s"x""	"s"o""	"s"b""	"s"x""	"s"o""	"s"x""	"s"b""	"s"o""	false
"s"b""	"s"x""	"s"o""	"s"b""	"s"o""	"s"x""	"s"o""	"s"x""	"s"b""	false
"s"b""	"s"x""	"s"o""	"s"b""	"s"o""	"s"x""	"s"o""	"s"b""	"s"x""	false
"s"b""	"s"x""	"s"o""	"s"b""	"s"o""	"s"b""	"s"o""	"s"x""	"s"x""	false
"s"b""	"s"x""	"s"o""	"s"b""	"s"b""	"s"o""	"s"x""	"s"x""	"s"o""	false
"s"b""	"s"x""	"s"b""	"s"x""	"s"x""	"s"b""	"s"o""	"s"o""	"s"o""	false
"s"b""	"s"x""	"s"b""	"s"x""	"s"b""	"s"x""	"s"o""	"s"o""	"s"o""	false
"s"b""	"s"x""	"s"b""	"s"o""	"s"o""	"s"o""	"s"x""	"s"x""	"s"b""	false
"s"b""	"s"x""	"s"b""	"s"o""	"s"o""	"s"o""	"s"x""	"s"b""	"s"x""	false
"s"b""	"s"x""	"s"b""	"s"o""	"s"o""	"s"o""	"s"b""	"s"x""	"s"x""	false
"s"b""	"s"x""	"s"b""	"s"b""	"s"x""	"s"x""	"s"o""	"s"o""	"s"o""	false
"s"b""	"s"o""	"s"x""	"s"x""	"s"o""	"s"x""	"s"x""	"s"o""	"s"o""	false
"s"b""	"s"o""	"s"x""	"s"x""	"s"o""	"s"x""	"s"b""	"s"o""	"s"b""	false
"s"b""	"s"o""	"s"x""	"s"x""	"s"o""	"s"o""	"s"x""	"s"o""	"s"x""	false
"s"b""	"s"o""	"s"x""	"s"x""	"s"o""	"s"b""	"s"x""	"s"o""	"s"b""	false
"s"b""	"s"o""	"s"x""	"s"x""	"s"o""	"s"b""	"s"b""	"s"o""	"s"x""	false
"s"b""	"s"o""	"s"x""	"s"b""	"s"o""	"s"x""	"s"x""	"s"o""	"s"b""	false
"s"b""	"s"o""	"s"x""	"s"b""	"s"o""	"s"b""	"s"x""	"s"o""	"s"x""	false
"s"b""	"s"o""	"s"o""	"s"x""	"s"x""	"s"o""	"s"x""	"s"x""	"s"o""	false
"s"b""	"s"o""	"s"o""	"s"x""	"s"o""	"s"x""	"s"x""	"s"o""	"s"x""	false
"s"b""	"s"o""	"s"o""	"s"x""	"s"o""	"s"x""	"s"o""	"s"x""	"s"x""	false
"s"b""	"s"o""	"s"b""	"s"x""	"s"o""	"s"x""	"s"x""	"s"o""	"s"b""	false
"s"b""	"s"o""	"s"b""	"s"x""	"s"o""	"s"x""	"s"b""	"s"o""	"s"x""	false
"s"b""	"s"o""	"s"b""	"s"x""	"s"o""	"s"b""	"s"x""	"s"o""	"s"x""	false
"s"b""	"s"o""	"s"b""	"s"b""	"s"o""	"s"x""	"s"x""	"s"o""	"s"x""	false
"s"b""	"s"b""	"s"x""	"s"x""	"s"x""	"s"b""	"s"o""	"s"o""	"s"o""	false
"s"b""	"s"b""	"s"x""	"s"x""	"s"b""	"s"x""	"s"o""	"s"o""	"s"o""	false
"s"b""	"s"b""	"s"x""	"s"o""	"s"o""	"s"o""	"s"x""	"s"x""	"s"b""	false
"s"b""	"s"b""	"s"x""	"s"o""	"s"o""	"s"o""	"s"x""	"s"b""	"s"x""	false
"s"b""	"s"b""	"s"x""	"s"o""	"s"o""	"s"o""	"s"b""	"s"x""	"s"x""	false
"s"b""	"s"b""	"s"x""	"s"b""	"s"x""	"s"x""	"s"o""	"s"o""	"s"o""	false
"s"b""	"s"b""	"s"o""	"s"x""	"s"x""	"s"o""	"s"x""	"s"b""	"s"o""	false
"s"b""	"s"b""	"s"o""	"s"x""	"s"x""	"s"o""	"s"b""	"s"x""	"s"o""	false
"s"b""	"s"b""	"s"o""	"s"x""	"s"o""	"s"x""	"s"o""	"s"x""	"s"b""	false
"s"b""	"s"b""	"s"o""	"s"x""	"s"o""	"s"x""	"s"o""	"s"b""	"s"x""	false
"s"b""	"s"b""	"s"o""	"s"x""	"s"o""	"s"b""	"s"o""	"s"x""	"s"x""	false
"s"b""	"s"b""	"s"o""	"s"x""	"s"b""	"s"o""	"s"x""	"s"x""	"s"o""	false
"s"b""	"s"b""	"s"o""	"s"b""	"s"x""	"s"o""	"s"x""	"s"x""	"s"o""	false
"s"b""	"s"b""	"s"o""	"s"b""	"s"o""	"s"x""	"s"o""	"s"x""	"s"x""	false
"s"x""	"s"x""	"s"o""	"s"o""	"s"x""	"s"x""	"s"x""	"s"o""	"s"o""	false
"s"x""	"s"x""	"s"o""	"s"o""	"s"o""	"s"x""	"s"x""	"s"x""	"s"o""	false
"s"x""	"s"x""	"s"o""	"s"o""	"s"o""	"s"x""	"s"x""	"s"o""	"s"x""	false
"s"x""	"s"o""	"s"x""	"s"x""	"s"x""	"s"o""	"s"o""	"s"x""	"s"o""	false
"s"x""	"s"o""	"s"x""	"s"x""	"s"o""	"s"x""	"s"o""	"s"x""	"s"o""	false
"s"x""	"s"o""	"s"x""	"s"x""	"s"o""	"s"o""	"s"o""	"s"x""	"s"x""	false
"s"x""	"s"o""	"s"x""	"s"o""	"s"x""	"s"x""	"s"o""	"s"x""	"s"o""	false
"s"x""	"s"o""	"s"x""	"s"o""	"s"o""	"s"x""	"s"x""	"s"x""	"s"o""	false
"s"x""	"s"o""	"s"o""	"s"o""	"s"x""	"s"x""	"s"x""	"s"x""	"s"o""	false
"s"o""	"s"x""	"s"x""	"s"x""	"s"x""	"s"o""	"s"o""	"s"o""	"s"x""	false
"s"o""	"s"x""	"s"x""	"s"x""	"s"o""	"s"o""	"s"x""	"s"o""	"s"x""	false
"s"o""	"s"x""	"s"x""	"s"x""	"s"o""	"s"o""	"s"o""	"s"x""	"s"x""	false
"s"o""	"s"x""	"s"o""	"s"x""	"s"x""	"s"o""	"s"x""	"s"o""	"s"x""	false
"s"o""	"s"x""	"s"o""	"s"x""	"s"o""	"s"x""	"s"x""	"s"o""	"s"x""	false
"s"o""	"s"x""	"s"o""	"s"o""	"s"x""	"s"x""	"s"x""	"s"o""	"s"x""	false
"s"o""	"s"o""	"s"x""	"s"x""	"s"x""	"s"o""	"s"o""	"s"x""	"s"x""	false
